sample_id,timestamp,dl_mcs,ul_mcs,dl_snr_db,ul_snr_db,dl_rssi_dbm,ul_rssi_dbm,dl_rate_raw,dl_rate_mbps,source
1,2026-01-25 19:38:26-05:00,104.0,104.0,21.0,22.0,-76.0,-76.0,103M,103.0,anonymized_sample
2,2026-01-25 20:35:01-05:00,105.0,105.0,21.0,22.0,-76.0,-76.0,137M,137.0,anonymized_sample
3,2026-01-25 21:36:01-05:00,103.0,105.0,21.0,22.0,-76.0,-76.0,68M,68.0,anonymized_sample
4,2026-01-25 22:32:01-05:00,104.0,104.0,22.0,22.0,-76.0,-76.0,103M,103.0,anonymized_sample
5,2026-01-25 23:28:01-05:00,104.0,104.0,21.0,22.0,-76.0,-76.0,103M,103.0,anonymized_sample
6,2026-01-26 00:21:01-05:00,105.0,105.0,21.0,22.0,-77.0,-76.0,137M,137.0,anonymized_sample
7,2026-01-26 01:12:02-05:00,105.0,103.0,22.0,22.0,-75.0,-76.0,137M,137.0,anonymized_sample
8,2026-01-26 01:57:01-05:00,106.0,105.0,22.0,23.0,-76.0,-75.0,154M,154.0,anonymized_sample
9,2026-01-26 02:43:01-05:00,105.0,105.0,23.0,22.0,-75.0,-76.0,137M,137.0,anonymized_sample
10,2026-01-26 03:32:01-05:00,105.0,105.0,22.0,22.0,-76.0,-76.0,137M,137.0,anonymized_sample
11,2026-01-26 04:17:01-05:00,106.0,105.0,22.0,22.0,-76.0,-78.0,154M,154.0,anonymized_sample
12,2026-01-26 05:04:01-05:00,105.0,105.0,22.0,22.0,-75.0,-76.0,137M,137.0,anonymized_sample
13,2026-01-26 05:49:01-05:00,105.0,105.0,22.0,23.0,-76.0,-75.0,137M,137.0,anonymized_sample
14,2026-01-26 06:41:01-05:00,105.0,105.0,22.0,22.0,-76.0,-76.0,137M,137.0,anonymized_sample
15,2026-01-26 07:26:01-05:00,105.0,105.0,21.0,23.0,-76.0,-75.0,137M,137.0,anonymized_sample
16,2026-01-26 08:11:01-05:00,105.0,104.0,21.0,22.0,-76.0,-76.0,137M,137.0,anonymized_sample
17,2026-01-26 09:03:01-05:00,105.0,105.0,21.0,22.0,-77.0,-76.0,137M,137.0,anonymized_sample
18,2026-01-26 09:48:01-05:00,105.0,105.0,21.0,22.0,-77.0,-76.0,137M,137.0,anonymized_sample
19,2026-01-26 10:30:01-05:00,105.0,105.0,21.0,22.0,-77.0,-76.0,137M,137.0,anonymized_sample
20,2026-01-26 11:16:01-05:00,105.0,105.0,21.0,23.0,-76.0,-75.0,137M,137.0,anonymized_sample
21,2026-01-26 12:05:01-05:00,105.0,105.0,21.0,23.0,-77.0,-75.0,137M,137.0,anonymized_sample
22,2026-01-26 12:50:01-05:00,105.0,104.0,21.0,22.0,-77.0,-76.0,137M,137.0,anonymized_sample
23,2026-01-26 13:38:01-05:00,105.0,105.0,22.0,23.0,-74.0,-75.0,137M,137.0,anonymized_sample
24,2026-01-26 14:23:01-05:00,106.0,104.0,21.0,21.0,-75.0,-77.0,154M,154.0,anonymized_sample
25,2026-01-26 15:11:01-05:00,105.0,104.0,21.0,21.0,-77.0,-77.0,137M,137.0,anonymized_sample
26,2026-01-26 15:58:01-05:00,104.0,104.0,21.0,21.0,-77.0,-77.0,103M,103.0,anonymized_sample
27,2026-01-26 16:45:01-05:00,104.0,104.0,21.0,22.0,-77.0,-76.0,103M,103.0,anonymized_sample
28,2026-01-26 17:31:01-05:00,104.0,104.0,20.0,22.0,-78.0,-76.0,103M,103.0,anonymized_sample
29,2026-01-26 18:18:01-05:00,104.0,104.0,21.0,21.0,-77.0,-77.0,103M,103.0,anonymized_sample
30,2026-01-26 19:01:01-05:00,105.0,104.0,20.0,22.0,-78.0,-76.0,137M,137.0,anonymized_sample
31,2026-01-26 19:50:01-05:00,104.0,104.0,21.0,22.0,-77.0,-76.0,103M,103.0,anonymized_sample
32,2026-01-26 20:38:01-05:00,105.0,104.0,21.0,22.0,-77.0,-76.0,137M,137.0,anonymized_sample
33,2026-01-26 21:22:01-05:00,104.0,105.0,20.0,22.0,-77.0,-76.0,103M,103.0,anonymized_sample
34,2026-01-26 22:12:01-05:00,104.0,104.0,24.0,22.0,-74.0,-76.0,103M,103.0,anonymized_sample
35,2026-01-26 22:59:01-05:00,105.0,105.0,21.0,23.0,-75.0,-75.0,137M,137.0,anonymized_sample
36,2026-01-26 23:45:01-05:00,105.0,104.0,21.0,22.0,-77.0,-76.0,137M,137.0,anonymized_sample
37,2026-01-27 00:33:02-05:00,104.0,104.0,21.0,22.0,-77.0,-76.0,103M,103.0,anonymized_sample
38,2026-01-27 01:21:01-05:00,104.0,105.0,21.0,23.0,-76.0,-75.0,103M,103.0,anonymized_sample
39,2026-01-27 02:08:01-05:00,105.0,105.0,21.0,22.0,-76.0,-76.0,137M,137.0,anonymized_sample
40,2026-01-27 02:59:01-05:00,105.0,104.0,21.0,22.0,-77.0,-76.0,137M,137.0,anonymized_sample
41,2026-01-27 03:54:01-05:00,106.0,105.0,21.0,22.0,-77.0,-78.0,154M,154.0,anonymized_sample
42,2026-01-27 04:48:01-05:00,106.0,105.0,21.0,23.0,-77.0,-75.0,154M,154.0,anonymized_sample
43,2026-01-27 05:36:01-05:00,105.0,105.0,22.0,22.0,-76.0,-76.0,137M,137.0,anonymized_sample
44,2026-01-27 06:28:01-05:00,105.0,105.0,21.0,22.0,-77.0,-76.0,137M,137.0,anonymized_sample
45,2026-01-27 07:14:01-05:00,105.0,104.0,21.0,22.0,-77.0,-76.0,137M,137.0,anonymized_sample
46,2026-01-27 08:00:01-05:00,104.0,105.0,21.0,22.0,-77.0,-76.0,103M,103.0,anonymized_sample
47,2026-01-27 08:48:01-05:00,105.0,105.0,21.0,22.0,-77.0,-76.0,137M,137.0,anonymized_sample
48,2026-01-27 09:34:01-05:00,106.0,104.0,21.0,22.0,-77.0,-76.0,154M,154.0,anonymized_sample
49,2026-01-27 10:20:02-05:00,106.0,104.0,21.0,23.0,-77.0,-75.0,154M,154.0,anonymized_sample
50,2026-01-27 11:06:01-05:00,104.0,105.0,22.0,24.0,-76.0,-74.0,103M,103.0,anonymized_sample
51,2026-01-27 11:53:01-05:00,105.0,104.0,21.0,23.0,-77.0,-75.0,137M,137.0,anonymized_sample
52,2026-01-27 12:40:01-05:00,104.0,105.0,22.0,22.0,-76.0,-76.0,103M,103.0,anonymized_sample
53,2026-01-27 13:27:01-05:00,105.0,104.0,22.0,23.0,-76.0,-75.0,137M,137.0,anonymized_sample
54,2026-01-27 14:15:01-05:00,105.0,104.0,21.0,22.0,-77.0,-76.0,137M,137.0,anonymized_sample
55,2026-01-27 15:00:01-05:00,105.0,105.0,21.0,23.0,-75.0,-75.0,137M,137.0,anonymized_sample
56,2026-01-27 15:49:01-05:00,104.0,105.0,21.0,22.0,-77.0,-76.0,103M,103.0,anonymized_sample
57,2026-01-27 16:35:01-05:00,105.0,104.0,22.0,22.0,-75.0,-76.0,137M,137.0,anonymized_sample
58,2026-01-27 17:21:01-05:00,104.0,104.0,21.0,22.0,-77.0,-76.0,103M,103.0,anonymized_sample
59,2026-01-27 18:10:01-05:00,105.0,104.0,22.0,22.0,-76.0,-76.0,137M,137.0,anonymized_sample
60,2026-01-27 18:54:01-05:00,104.0,104.0,21.0,22.0,-76.0,-76.0,103M,103.0,anonymized_sample
61,2026-01-27 19:41:01-05:00,104.0,104.0,22.0,21.0,-76.0,-77.0,103M,103.0,anonymized_sample
62,2026-01-27 20:24:01-05:00,104.0,105.0,22.0,21.0,-75.0,-77.0,103M,103.0,anonymized_sample
63,2026-01-28 17:30:01-05:00,105.0,104.0,21.0,22.0,-77.0,-76.0,137M,137.0,anonymized_sample
64,2026-01-28 18:13:01-05:00,105.0,105.0,21.0,22.0,-77.0,-76.0,137M,137.0,anonymized_sample
65,2026-01-28 18:56:01-05:00,103.0,105.0,20.0,21.0,-76.0,-77.0,68M,68.0,anonymized_sample
66,2026-01-28 19:42:01-05:00,104.0,104.0,19.0,22.0,-77.0,-76.0,103M,103.0,anonymized_sample
67,2026-01-28 20:31:01-05:00,104.0,105.0,19.0,21.0,-77.0,-76.0,103M,103.0,anonymized_sample
68,2026-01-28 21:19:01-05:00,105.0,104.0,19.0,22.0,-77.0,-76.0,137M,137.0,anonymized_sample
69,2026-01-28 22:07:01-05:00,105.0,104.0,19.0,21.0,-77.0,-77.0,137M,137.0,anonymized_sample
70,2026-01-28 22:52:01-05:00,103.0,105.0,20.0,20.0,-76.0,-78.0,68M,68.0,anonymized_sample
71,2026-01-28 23:40:01-05:00,104.0,104.0,20.0,21.0,-76.0,-77.0,103M,103.0,anonymized_sample
72,2026-01-29 00:27:01-05:00,105.0,104.0,20.0,22.0,-76.0,-77.0,137M,137.0,anonymized_sample
73,2026-01-29 01:15:01-05:00,105.0,105.0,20.0,23.0,-76.0,-75.0,137M,137.0,anonymized_sample
74,2026-01-29 02:00:01-05:00,105.0,104.0,20.0,23.0,-76.0,-76.0,137M,137.0,anonymized_sample
75,2026-01-29 02:45:01-05:00,105.0,104.0,20.0,21.0,-76.0,-77.0,137M,137.0,anonymized_sample
76,2026-01-29 03:34:01-05:00,104.0,104.0,21.0,22.0,-76.0,-77.0,103M,103.0,anonymized_sample
77,2026-01-29 04:21:01-05:00,105.0,105.0,19.0,22.0,-77.0,-77.0,137M,137.0,anonymized_sample
78,2026-01-29 05:08:01-05:00,105.0,105.0,19.0,23.0,-77.0,-75.0,137M,137.0,anonymized_sample
79,2026-01-29 05:55:01-05:00,105.0,104.0,20.0,22.0,-78.0,-77.0,137M,137.0,anonymized_sample
80,2026-01-29 06:40:01-05:00,104.0,105.0,20.0,21.0,-76.0,-77.0,103M,103.0,anonymized_sample
81,2026-01-29 07:25:01-05:00,105.0,104.0,21.0,22.0,-76.0,-77.0,68M,68.0,anonymized_sample
82,2026-01-29 08:11:01-05:00,103.0,104.0,21.0,22.0,-76.0,-77.0,68M,68.0,anonymized_sample
83,2026-01-29 08:58:01-05:00,105.0,104.0,21.0,21.0,-76.0,-77.0,137M,137.0,anonymized_sample
84,2026-01-29 09:43:01-05:00,105.0,104.0,21.0,21.0,-76.0,-78.0,137M,137.0,anonymized_sample
85,2026-01-29 10:27:01-05:00,104.0,104.0,21.0,22.0,-75.0,-77.0,103M,103.0,anonymized_sample
86,2026-01-29 11:08:01-05:00,105.0,104.0,21.0,22.0,-75.0,-75.0,137M,137.0,anonymized_sample
87,2026-01-29 11:52:01-05:00,105.0,105.0,20.0,23.0,-78.0,-75.0,137M,137.0,anonymized_sample
88,2026-01-29 12:38:01-05:00,104.0,104.0,21.0,22.0,-75.0,-76.0,103M,103.0,anonymized_sample
89,2026-01-29 13:22:01-05:00,104.0,105.0,24.0,22.0,-72.0,-76.0,103M,103.0,anonymized_sample
90,2026-01-29 14:12:01-05:00,105.0,105.0,21.0,22.0,-75.0,-76.0,137M,137.0,anonymized_sample
91,2026-01-29 14:59:01-05:00,103.0,104.0,20.0,22.0,-78.0,-76.0,68M,68.0,anonymized_sample
92,2026-01-29 15:42:01-05:00,104.0,104.0,20.0,21.0,-78.0,-77.0,103M,103.0,anonymized_sample
93,2026-01-29 16:27:01-05:00,104.0,104.0,20.0,21.0,-78.0,-78.0,103M,103.0,anonymized_sample
94,2026-01-29 17:14:01-05:00,104.0,104.0,20.0,20.0,-76.0,-79.0,103M,103.0,anonymized_sample
95,2026-01-29 17:57:01-05:00,105.0,104.0,20.0,21.0,-76.0,-76.0,137M,137.0,anonymized_sample
96,2026-01-29 18:42:01-05:00,102.0,103.0,20.0,20.0,-76.0,-78.0,51M,51.0,anonymized_sample
97,2026-01-29 19:26:01-05:00,104.0,104.0,20.0,21.0,-76.0,-77.0,103M,103.0,anonymized_sample
98,2026-01-29 20:13:01-05:00,104.0,104.0,20.0,21.0,-76.0,-77.0,103M,103.0,anonymized_sample
99,2026-01-29 20:58:01-05:00,105.0,104.0,20.0,20.0,-76.0,-78.0,137M,137.0,anonymized_sample
100,2026-01-29 21:46:01-05:00,103.0,104.0,20.0,20.0,-76.0,-78.0,68M,68.0,anonymized_sample
101,2026-01-29 22:30:01-05:00,104.0,104.0,20.0,21.0,-76.0,-77.0,103M,103.0,anonymized_sample
102,2026-01-29 23:17:01-05:00,104.0,104.0,20.0,21.0,-76.0,-76.0,103M,103.0,anonymized_sample
103,2026-01-30 00:03:01-05:00,105.0,104.0,20.0,22.0,-76.0,-77.0,137M,137.0,anonymized_sample
104,2026-01-30 00:49:01-05:00,105.0,105.0,21.0,22.0,-76.0,-76.0,137M,137.0,anonymized_sample
105,2026-01-30 01:37:01-05:00,105.0,104.0,21.0,22.0,-76.0,-77.0,137M,137.0,anonymized_sample
106,2026-01-30 02:20:01-05:00,105.0,105.0,21.0,22.0,-76.0,-76.0,137M,137.0,anonymized_sample
107,2026-01-30 03:04:01-05:00,105.0,105.0,21.0,21.0,-76.0,-77.0,137M,137.0,anonymized_sample
108,2026-01-30 03:49:02-05:00,105.0,105.0,20.0,21.0,-76.0,-76.0,137M,137.0,anonymized_sample
109,2026-01-30 04:34:01-05:00,105.0,105.0,20.0,21.0,-76.0,-77.0,137M,137.0,anonymized_sample
110,2026-01-30 05:18:01-05:00,105.0,106.0,20.0,22.0,-76.0,-76.0,137M,137.0,anonymized_sample
111,2026-01-30 06:02:01-05:00,104.0,105.0,20.0,21.0,-76.0,-79.0,103M,103.0,anonymized_sample
112,2026-01-30 06:49:01-05:00,105.0,104.0,20.0,21.0,-76.0,-77.0,137M,137.0,anonymized_sample
113,2026-01-30 07:34:01-05:00,105.0,104.0,20.0,21.0,-76.0,-77.0,137M,137.0,anonymized_sample
114,2026-01-30 08:22:01-05:00,104.0,104.0,20.0,21.0,-76.0,-78.0,103M,103.0,anonymized_sample
115,2026-01-30 09:06:01-05:00,105.0,104.0,20.0,22.0,-76.0,-76.0,137M,137.0,anonymized_sample
116,2026-01-30 09:49:01-05:00,104.0,104.0,20.0,22.0,-76.0,-77.0,103M,103.0,anonymized_sample
117,2026-01-30 10:35:01-05:00,104.0,105.0,20.0,21.0,-76.0,-77.0,103M,103.0,anonymized_sample
118,2026-01-30 11:21:01-05:00,106.0,104.0,19.0,22.0,-77.0,-76.0,77M,77.0,anonymized_sample
119,2026-01-30 12:04:01-05:00,104.0,105.0,20.0,22.0,-77.0,-76.0,103M,103.0,anonymized_sample
120,2026-01-30 12:51:01-05:00,105.0,105.0,20.0,22.0,-77.0,-76.0,137M,137.0,anonymized_sample
121,2026-01-30 13:39:01-05:00,105.0,104.0,20.0,21.0,-76.0,-77.0,137M,137.0,anonymized_sample
122,2026-01-30 14:24:01-05:00,103.0,104.0,21.0,21.0,-77.0,-77.0,68M,68.0,anonymized_sample
123,2026-01-30 15:12:01-05:00,104.0,104.0,20.0,21.0,-78.0,-77.0,103M,103.0,anonymized_sample
124,2026-01-30 15:59:01-05:00,105.0,104.0,19.0,20.0,-77.0,-78.0,137M,137.0,anonymized_sample
125,2026-01-30 16:46:01-05:00,104.0,104.0,19.0,22.0,-77.0,-76.0,103M,103.0,anonymized_sample
126,2026-01-30 17:32:01-05:00,105.0,103.0,19.0,22.0,-77.0,-76.0,137M,137.0,anonymized_sample
127,2026-01-30 18:19:01-05:00,105.0,104.0,20.0,22.0,-76.0,-76.0,137M,137.0,anonymized_sample
128,2026-01-30 19:05:01-05:00,104.0,104.0,21.0,22.0,-75.0,-76.0,103M,103.0,anonymized_sample
129,2026-01-30 19:52:01-05:00,103.0,104.0,20.0,22.0,-76.0,-75.0,68M,68.0,anonymized_sample
130,2026-01-30 20:37:01-05:00,105.0,104.0,20.0,21.0,-76.0,-77.0,137M,137.0,anonymized_sample
131,2026-01-30 21:26:01-05:00,100.0,102.0,21.0,21.0,-75.0,-77.0,17M,17.0,anonymized_sample
132,2026-01-30 22:12:01-05:00,104.0,104.0,21.0,22.0,-75.0,-76.0,103M,103.0,anonymized_sample
133,2026-01-30 22:56:01-05:00,105.0,103.0,20.0,21.0,-76.0,-77.0,137M,137.0,anonymized_sample
134,2026-01-30 23:44:01-05:00,104.0,104.0,21.0,21.0,-75.0,-77.0,103M,103.0,anonymized_sample
135,2026-01-31 00:31:01-05:00,105.0,104.0,21.0,22.0,-75.0,-76.0,137M,137.0,anonymized_sample
136,2026-01-31 01:19:01-05:00,104.0,105.0,21.0,22.0,-75.0,-76.0,103M,103.0,anonymized_sample
137,2026-01-31 02:04:01-05:00,105.0,103.0,21.0,21.0,-75.0,-77.0,137M,137.0,anonymized_sample
138,2026-01-31 02:55:01-05:00,105.0,104.0,21.0,22.0,-77.0,-76.0,137M,137.0,anonymized_sample
139,2026-01-31 03:46:01-05:00,105.0,104.0,21.0,22.0,-77.0,-76.0,137M,137.0,anonymized_sample
140,2026-01-31 04:35:01-05:00,104.0,105.0,20.0,22.0,-76.0,-76.0,103M,103.0,anonymized_sample
141,2026-01-31 05:25:01-05:00,104.0,105.0,21.0,22.0,-75.0,-76.0,103M,103.0,anonymized_sample
142,2026-01-31 06:16:01-05:00,104.0,104.0,21.0,21.0,-77.0,-77.0,103M,103.0,anonymized_sample
143,2026-01-31 07:03:01-05:00,104.0,105.0,21.0,21.0,-76.0,-77.0,103M,103.0,anonymized_sample
144,2026-01-31 07:53:01-05:00,105.0,104.0,23.0,22.0,-73.0,-76.0,137M,137.0,anonymized_sample
145,2026-01-31 08:41:01-05:00,105.0,105.0,21.0,22.0,-75.0,-76.0,137M,137.0,anonymized_sample
146,2026-01-31 09:24:01-05:00,105.0,104.0,21.0,23.0,-76.0,-75.0,137M,137.0,anonymized_sample
147,2026-01-31 10:10:01-05:00,105.0,105.0,21.0,22.0,-76.0,-76.0,137M,137.0,anonymized_sample
148,2026-01-31 10:55:01-05:00,105.0,105.0,21.0,23.0,-75.0,-75.0,137M,137.0,anonymized_sample
149,2026-01-31 11:46:01-05:00,100.0,101.0,20.0,22.0,-76.0,-76.0,8M,8.0,anonymized_sample
150,2026-01-31 12:30:01-05:00,205.0,105.0,20.0,22.0,-76.0,-76.0,137M,137.0,anonymized_sample
151,2026-01-31 13:17:01-05:00,103.0,104.0,21.0,23.0,-75.0,-75.0,68M,68.0,anonymized_sample
152,2026-01-31 14:00:01-05:00,104.0,104.0,22.0,23.0,-74.0,-75.0,103M,103.0,anonymized_sample
153,2026-01-31 14:45:01-05:00,104.0,104.0,21.0,22.0,-77.0,-76.0,103M,103.0,anonymized_sample
154,2026-01-31 15:35:01-05:00,105.0,104.0,23.0,22.0,-75.0,-76.0,137M,137.0,anonymized_sample
155,2026-01-31 16:19:01-05:00,105.0,104.0,21.0,22.0,-77.0,-76.0,137M,137.0,anonymized_sample
156,2026-01-31 17:08:01-05:00,104.0,105.0,21.0,22.0,-75.0,-76.0,103M,103.0,anonymized_sample
157,2026-01-31 17:53:01-05:00,105.0,105.0,21.0,22.0,-75.0,-76.0,137M,137.0,anonymized_sample
158,2026-01-31 18:39:01-05:00,105.0,104.0,21.0,22.0,-75.0,-76.0,137M,137.0,anonymized_sample
159,2026-01-31 19:25:01-05:00,102.0,103.0,21.0,21.0,-75.0,-77.0,51M,51.0,anonymized_sample
160,2026-01-31 20:12:01-05:00,104.0,104.0,21.0,21.0,-75.0,-77.0,103M,103.0,anonymized_sample
161,2026-01-31 21:01:01-05:00,105.0,104.0,20.0,21.0,-78.0,-77.0,137M,137.0,anonymized_sample
162,2026-01-31 21:52:01-05:00,104.0,104.0,21.0,21.0,-75.0,-77.0,103M,103.0,anonymized_sample
163,2026-01-31 22:38:01-05:00,105.0,104.0,21.0,21.0,-75.0,-77.0,137M,137.0,anonymized_sample
164,2026-01-31 23:29:01-05:00,105.0,104.0,21.0,20.0,-75.0,-78.0,137M,137.0,anonymized_sample
165,2026-02-01 00:21:01-05:00,104.0,103.0,21.0,19.0,-75.0,-79.0,103M,103.0,anonymized_sample
166,2026-02-01 01:09:01-05:00,104.0,104.0,21.0,21.0,-75.0,-77.0,103M,103.0,anonymized_sample
167,2026-02-02 19:20:01-05:00,104.0,104.0,23.0,22.0,-73.0,-75.0,103M,103.0,anonymized_sample
168,2026-02-02 20:04:01-05:00,104.0,104.0,21.0,23.0,-75.0,-75.0,103M,103.0,anonymized_sample
169,2026-02-02 20:50:01-05:00,104.0,104.0,21.0,22.0,-75.0,-76.0,103M,103.0,anonymized_sample
170,2026-02-02 21:35:01-05:00,105.0,104.0,21.0,22.0,-77.0,-76.0,137M,137.0,anonymized_sample
171,2026-02-02 22:23:01-05:00,104.0,104.0,21.0,23.0,-75.0,-75.0,103M,103.0,anonymized_sample
172,2026-02-02 23:09:01-05:00,104.0,104.0,23.0,22.0,-74.0,-76.0,103M,103.0,anonymized_sample
173,2026-02-02 23:54:02-05:00,105.0,105.0,21.0,23.0,-77.0,-75.0,137M,137.0,anonymized_sample
174,2026-02-03 00:37:01-05:00,106.0,105.0,21.0,23.0,-75.0,-75.0,154M,154.0,anonymized_sample
175,2026-02-03 01:25:01-05:00,106.0,105.0,21.0,22.0,-76.0,-76.0,154M,154.0,anonymized_sample
176,2026-02-03 02:11:01-05:00,105.0,105.0,21.0,23.0,-75.0,-75.0,137M,137.0,anonymized_sample
177,2026-02-03 02:58:01-05:00,105.0,105.0,21.0,23.0,-75.0,-75.0,137M,137.0,anonymized_sample
178,2026-02-03 03:45:01-05:00,105.0,104.0,21.0,22.0,-77.0,-76.0,137M,137.0,anonymized_sample
179,2026-02-03 04:33:01-05:00,106.0,105.0,21.0,23.0,-75.0,-75.0,154M,154.0,anonymized_sample
180,2026-02-03 05:22:01-05:00,104.0,104.0,21.0,23.0,-77.0,-75.0,103M,103.0,anonymized_sample
181,2026-02-03 06:06:01-05:00,105.0,105.0,21.0,22.0,-77.0,-76.0,137M,137.0,anonymized_sample
182,2026-02-03 06:52:02-05:00,105.0,104.0,21.0,23.0,-75.0,-75.0,137M,137.0,anonymized_sample
183,2026-02-03 07:40:01-05:00,105.0,104.0,21.0,22.0,-76.0,-76.0,137M,137.0,anonymized_sample
184,2026-02-03 08:27:01-05:00,105.0,105.0,21.0,23.0,-75.0,-75.0,137M,137.0,anonymized_sample
185,2026-02-03 09:12:01-05:00,105.0,105.0,22.0,22.0,-75.0,-76.0,137M,137.0,anonymized_sample
186,2026-02-03 09:57:01-05:00,106.0,105.0,21.0,23.0,-77.0,-75.0,154M,154.0,anonymized_sample
187,2026-02-03 10:43:01-05:00,105.0,105.0,21.0,23.0,-75.0,-77.0,137M,137.0,anonymized_sample
188,2026-02-03 11:29:01-05:00,105.0,105.0,23.0,23.0,-74.0,-75.0,137M,137.0,anonymized_sample
189,2026-02-03 12:14:01-05:00,104.0,104.0,20.0,23.0,-77.0,-75.0,103M,103.0,anonymized_sample
190,2026-02-03 12:59:01-05:00,104.0,104.0,20.0,23.0,-77.0,-75.0,103M,103.0,anonymized_sample
191,2026-02-03 13:45:01-05:00,104.0,103.0,20.0,22.0,-77.0,-76.0,103M,103.0,anonymized_sample
192,2026-02-03 14:29:01-05:00,107.0,105.0,22.0,21.0,-76.0,-77.0,86M,86.0,anonymized_sample
193,2026-02-03 15:14:01-05:00,105.0,105.0,21.0,23.0,-75.0,-75.0,137M,137.0,anonymized_sample
194,2026-02-03 16:00:01-05:00,105.0,104.0,24.0,22.0,-73.0,-76.0,137M,137.0,anonymized_sample
195,2026-02-03 16:46:01-05:00,105.0,105.0,22.0,23.0,-75.0,-77.0,137M,137.0,anonymized_sample
196,2026-02-03 17:33:01-05:00,105.0,104.0,22.0,22.0,-76.0,-76.0,137M,137.0,anonymized_sample
197,2026-02-03 18:17:01-05:00,105.0,104.0,22.0,22.0,-75.0,-76.0,137M,137.0,anonymized_sample
198,2026-02-03 19:07:01-05:00,105.0,105.0,21.0,22.0,-75.0,-76.0,137M,137.0,anonymized_sample
199,2026-02-03 19:55:01-05:00,105.0,105.0,21.0,23.0,-75.0,-75.0,137M,137.0,anonymized_sample
200,2026-02-03 20:40:01-05:00,105.0,105.0,21.0,23.0,-77.0,-75.0,137M,137.0,anonymized_sample
201,2026-02-03 21:24:01-05:00,104.0,104.0,21.0,22.0,-77.0,-76.0,103M,103.0,anonymized_sample
202,2026-02-03 22:09:01-05:00,105.0,105.0,22.0,23.0,-75.0,-75.0,137M,137.0,anonymized_sample
203,2026-02-03 22:55:01-05:00,105.0,104.0,21.0,23.0,-75.0,-75.0,137M,137.0,anonymized_sample
204,2026-02-03 23:40:01-05:00,105.0,106.0,22.0,23.0,-74.0,-75.0,137M,137.0,anonymized_sample
205,2026-02-04 00:28:01-05:00,104.0,104.0,21.0,22.0,-75.0,-78.0,103M,103.0,anonymized_sample
206,2026-02-04 01:16:01-05:00,104.0,104.0,22.0,23.0,-74.0,-75.0,103M,103.0,anonymized_sample
207,2026-02-04 02:02:01-05:00,106.0,105.0,21.0,23.0,-76.0,-75.0,154M,154.0,anonymized_sample
208,2026-02-04 02:49:01-05:00,105.0,105.0,21.0,23.0,-75.0,-75.0,137M,137.0,anonymized_sample
209,2026-02-04 03:35:01-05:00,106.0,105.0,22.0,22.0,-74.0,-76.0,154M,154.0,anonymized_sample
210,2026-02-04 04:23:01-05:00,105.0,105.0,22.0,23.0,-74.0,-75.0,137M,137.0,anonymized_sample
211,2026-02-04 05:14:01-05:00,105.0,106.0,21.0,23.0,-76.0,-75.0,137M,137.0,anonymized_sample
212,2026-02-04 05:58:01-05:00,105.0,105.0,21.0,23.0,-75.0,-75.0,137M,137.0,anonymized_sample
213,2026-02-04 06:46:02-05:00,105.0,105.0,21.0,23.0,-77.0,-75.0,137M,137.0,anonymized_sample
214,2026-02-04 07:31:01-05:00,105.0,105.0,22.0,23.0,-75.0,-77.0,137M,137.0,anonymized_sample
215,2026-02-04 08:21:01-05:00,104.0,104.0,22.0,23.0,-75.0,-77.0,103M,103.0,anonymized_sample
216,2026-02-04 09:10:01-05:00,105.0,105.0,22.0,23.0,-74.0,-77.0,137M,137.0,anonymized_sample
217,2026-02-04 09:56:01-05:00,104.0,104.0,21.0,23.0,-77.0,-75.0,103M,103.0,anonymized_sample
218,2026-02-04 10:42:01-05:00,105.0,104.0,22.0,23.0,-76.0,-75.0,137M,137.0,anonymized_sample
219,2026-02-04 11:24:01-05:00,105.0,105.0,23.0,22.0,-73.0,-76.0,137M,137.0,anonymized_sample
220,2026-02-04 12:09:01-05:00,103.0,105.0,21.0,23.0,-76.0,-75.0,68M,68.0,anonymized_sample
221,2026-02-04 12:52:01-05:00,105.0,105.0,21.0,23.0,-76.0,-75.0,137M,137.0,anonymized_sample
222,2026-02-04 13:37:01-05:00,104.0,105.0,22.0,23.0,-74.0,-75.0,103M,103.0,anonymized_sample
223,2026-02-04 14:24:01-05:00,105.0,104.0,21.0,23.0,-76.0,-75.0,137M,137.0,anonymized_sample
224,2026-02-04 15:09:01-05:00,105.0,105.0,21.0,23.0,-77.0,-75.0,137M,137.0,anonymized_sample
225,2026-02-04 15:53:01-05:00,104.0,105.0,22.0,24.0,-74.0,-74.0,103M,103.0,anonymized_sample
226,2026-02-04 16:35:01-05:00,103.0,105.0,21.0,23.0,-75.0,-75.0,68M,68.0,anonymized_sample
227,2026-02-04 17:19:01-05:00,104.0,105.0,21.0,22.0,-75.0,-76.0,103M,103.0,anonymized_sample
228,2026-02-04 18:05:01-05:00,105.0,104.0,22.0,22.0,-76.0,-76.0,137M,137.0,anonymized_sample
229,2026-02-04 18:53:01-05:00,103.0,104.0,22.0,23.0,-76.0,-75.0,68M,68.0,anonymized_sample
230,2026-02-04 19:40:01-05:00,105.0,104.0,21.0,23.0,-75.0,-75.0,137M,137.0,anonymized_sample
231,2026-02-04 20:25:01-05:00,105.0,105.0,23.0,22.0,-73.0,-78.0,137M,137.0,anonymized_sample
232,2026-02-04 21:11:01-05:00,106.0,104.0,21.0,22.0,-75.0,-76.0,154M,154.0,anonymized_sample
233,2026-02-04 21:55:01-05:00,105.0,105.0,21.0,22.0,-76.0,-78.0,137M,137.0,anonymized_sample
234,2026-02-04 22:40:01-05:00,105.0,105.0,21.0,23.0,-75.0,-75.0,137M,137.0,anonymized_sample
235,2026-02-04 23:28:01-05:00,106.0,105.0,21.0,22.0,-76.0,-76.0,154M,154.0,anonymized_sample
236,2026-02-05 00:12:01-05:00,105.0,105.0,21.0,22.0,-77.0,-76.0,137M,137.0,anonymized_sample
237,2026-02-05 01:02:01-05:00,106.0,105.0,21.0,23.0,-77.0,-75.0,154M,154.0,anonymized_sample
238,2026-02-05 01:51:01-05:00,106.0,105.0,22.0,23.0,-74.0,-75.0,154M,154.0,anonymized_sample
239,2026-02-05 02:39:01-05:00,105.0,105.0,22.0,23.0,-74.0,-77.0,137M,137.0,anonymized_sample
240,2026-02-05 03:32:01-05:00,105.0,105.0,22.0,22.0,-76.0,-76.0,137M,137.0,anonymized_sample
241,2026-02-05 04:25:01-05:00,105.0,105.0,22.0,22.0,-76.0,-76.0,137M,137.0,anonymized_sample
242,2026-02-05 05:16:01-05:00,105.0,105.0,22.0,23.0,-74.0,-75.0,137M,137.0,anonymized_sample
243,2026-02-05 06:11:01-05:00,104.0,105.0,22.0,23.0,-74.0,-75.0,103M,103.0,anonymized_sample
244,2026-02-05 06:58:01-05:00,105.0,105.0,22.0,23.0,-74.0,-77.0,137M,137.0,anonymized_sample
245,2026-02-05 07:45:01-05:00,106.0,105.0,21.0,23.0,-75.0,-77.0,154M,154.0,anonymized_sample
246,2026-02-05 08:30:01-05:00,106.0,105.0,22.0,23.0,-74.0,-75.0,154M,154.0,anonymized_sample
247,2026-02-05 09:13:01-05:00,106.0,105.0,24.0,22.0,-73.0,-76.0,154M,154.0,anonymized_sample
248,2026-02-05 09:56:01-05:00,104.0,104.0,21.0,23.0,-75.0,-77.0,103M,103.0,anonymized_sample
249,2026-02-05 10:41:01-05:00,104.0,104.0,21.0,23.0,-75.0,-75.0,103M,103.0,anonymized_sample
250,2026-02-05 11:25:01-05:00,105.0,105.0,22.0,22.0,-76.0,-78.0,137M,137.0,anonymized_sample
251,2026-02-05 12:08:01-05:00,105.0,104.0,22.0,22.0,-74.0,-76.0,137M,137.0,anonymized_sample
252,2026-02-05 12:50:01-05:00,106.0,106.0,21.0,22.0,-77.0,-76.0,154M,154.0,anonymized_sample
253,2026-02-05 13:35:01-05:00,105.0,105.0,22.0,23.0,-76.0,-75.0,137M,137.0,anonymized_sample
254,2026-02-05 14:19:01-05:00,105.0,104.0,22.0,23.0,-76.0,-75.0,137M,137.0,anonymized_sample
255,2026-02-05 15:05:01-05:00,105.0,104.0,22.0,22.0,-76.0,-78.0,137M,137.0,anonymized_sample
256,2026-02-05 15:50:01-05:00,106.0,105.0,22.0,22.0,-76.0,-78.0,154M,154.0,anonymized_sample
257,2026-02-05 16:34:01-05:00,105.0,105.0,21.0,23.0,-77.0,-75.0,137M,137.0,anonymized_sample
258,2026-02-05 17:18:01-05:00,105.0,105.0,21.0,23.0,-75.0,-75.0,137M,137.0,anonymized_sample
259,2026-02-05 18:02:01-05:00,105.0,105.0,21.0,23.0,-76.0,-77.0,137M,137.0,anonymized_sample
260,2026-02-05 18:48:01-05:00,105.0,105.0,21.0,23.0,-77.0,-75.0,137M,137.0,anonymized_sample
261,2026-02-05 19:36:02-05:00,106.0,105.0,22.0,23.0,-75.0,-75.0,77M,77.0,anonymized_sample
262,2026-02-05 20:26:02-05:00,105.0,104.0,21.0,22.0,-76.0,-76.0,137M,137.0,anonymized_sample
263,2026-02-05 21:11:01-05:00,105.0,104.0,21.0,22.0,-75.0,-76.0,137M,137.0,anonymized_sample
264,2026-02-05 21:55:01-05:00,104.0,104.0,22.0,22.0,-74.0,-76.0,103M,103.0,anonymized_sample
265,2026-02-05 22:41:01-05:00,104.0,104.0,22.0,22.0,-75.0,-76.0,103M,103.0,anonymized_sample
266,2026-02-05 23:29:01-05:00,105.0,106.0,21.0,23.0,-77.0,-75.0,137M,137.0,anonymized_sample
267,2026-02-06 00:17:01-05:00,104.0,105.0,20.0,22.0,-78.0,-76.0,103M,103.0,anonymized_sample
268,2026-02-06 01:06:01-05:00,105.0,104.0,20.0,21.0,-78.0,-79.0,137M,137.0,anonymized_sample
269,2026-02-06 01:55:01-05:00,104.0,105.0,21.0,22.0,-75.0,-76.0,103M,103.0,anonymized_sample
270,2026-02-06 02:42:01-05:00,105.0,104.0,21.0,21.0,-75.0,-77.0,137M,137.0,anonymized_sample
271,2026-02-06 03:30:01-05:00,105.0,105.0,20.0,21.0,-77.0,-77.0,137M,137.0,anonymized_sample
272,2026-02-06 04:19:01-05:00,105.0,105.0,20.0,21.0,-77.0,-79.0,137M,137.0,anonymized_sample
273,2026-02-06 05:10:01-05:00,104.0,105.0,20.0,21.0,-77.0,-79.0,103M,103.0,anonymized_sample
274,2026-02-06 05:59:01-05:00,105.0,105.0,20.0,22.0,-77.0,-76.0,137M,137.0,anonymized_sample
275,2026-02-06 06:46:01-05:00,104.0,105.0,19.0,22.0,-79.0,-76.0,103M,103.0,anonymized_sample
276,2026-02-06 07:30:02-05:00,105.0,104.0,20.0,22.0,-76.0,-76.0,137M,137.0,anonymized_sample
277,2026-02-06 08:17:01-05:00,105.0,104.0,20.0,22.0,-78.0,-76.0,137M,137.0,anonymized_sample
278,2026-02-06 09:05:01-05:00,104.0,104.0,20.0,22.0,-78.0,-77.0,103M,103.0,anonymized_sample
279,2026-02-06 09:50:01-05:00,105.0,104.0,20.0,22.0,-78.0,-76.0,137M,137.0,anonymized_sample
280,2026-02-06 10:37:01-05:00,105.0,105.0,20.0,23.0,-78.0,-75.0,137M,137.0,anonymized_sample
281,2026-02-06 11:24:01-05:00,105.0,105.0,20.0,23.0,-78.0,-75.0,137M,137.0,anonymized_sample
282,2026-02-06 12:06:01-05:00,106.0,105.0,21.0,23.0,-77.0,-77.0,154M,154.0,anonymized_sample
283,2026-02-06 12:49:01-05:00,105.0,106.0,22.0,23.0,-74.0,-75.0,137M,137.0,anonymized_sample
284,2026-02-06 13:33:01-05:00,104.0,105.0,22.0,22.0,-76.0,-76.0,103M,103.0,anonymized_sample
285,2026-02-06 14:21:01-05:00,105.0,104.0,22.0,22.0,-76.0,-76.0,137M,137.0,anonymized_sample
286,2026-02-06 15:07:01-05:00,105.0,105.0,21.0,22.0,-77.0,-76.0,137M,137.0,anonymized_sample
287,2026-02-06 15:54:01-05:00,103.0,105.0,21.0,22.0,-75.0,-76.0,68M,68.0,anonymized_sample
288,2026-02-06 16:39:01-05:00,105.0,105.0,21.0,23.0,-77.0,-75.0,137M,137.0,anonymized_sample
289,2026-02-06 17:22:01-05:00,105.0,105.0,22.0,22.0,-74.0,-76.0,137M,137.0,anonymized_sample
290,2026-02-06 18:06:01-05:00,104.0,104.0,21.0,22.0,-77.0,-76.0,103M,103.0,anonymized_sample
291,2026-02-06 18:52:01-05:00,105.0,105.0,21.0,22.0,-77.0,-78.0,137M,137.0,anonymized_sample
292,2026-02-06 19:38:01-05:00,104.0,105.0,21.0,22.0,-75.0,-78.0,103M,103.0,anonymized_sample
293,2026-02-06 20:31:01-05:00,105.0,104.0,21.0,22.0,-75.0,-76.0,137M,137.0,anonymized_sample
294,2026-02-06 21:15:01-05:00,106.0,104.0,22.0,22.0,-75.0,-76.0,154M,154.0,anonymized_sample
295,2026-02-06 22:03:01-05:00,105.0,105.0,21.0,22.0,-76.0,-76.0,137M,137.0,anonymized_sample
296,2026-02-06 22:51:01-05:00,106.0,105.0,21.0,21.0,-75.0,-77.0,154M,154.0,anonymized_sample
297,2026-02-06 23:41:01-05:00,105.0,105.0,21.0,22.0,-75.0,-76.0,137M,137.0,anonymized_sample
298,2026-02-07 00:30:01-05:00,105.0,105.0,21.0,22.0,-77.0,-76.0,137M,137.0,anonymized_sample
299,2026-02-07 01:17:01-05:00,105.0,105.0,21.0,22.0,-75.0,-76.0,137M,137.0,anonymized_sample
300,2026-02-07 02:05:01-05:00,106.0,105.0,21.0,22.0,-77.0,-76.0,154M,154.0,anonymized_sample
301,2026-02-07 02:53:01-05:00,103.0,105.0,21.0,22.0,-77.0,-77.0,68M,68.0,anonymized_sample
302,2026-02-07 03:37:01-05:00,105.0,105.0,20.0,21.0,-76.0,-76.0,137M,137.0,anonymized_sample
303,2026-02-07 04:23:01-05:00,105.0,105.0,20.0,22.0,-76.0,-77.0,137M,137.0,anonymized_sample
304,2026-02-07 05:09:01-05:00,105.0,105.0,20.0,22.0,-76.0,-76.0,137M,137.0,anonymized_sample
305,2026-02-07 05:54:01-05:00,104.0,104.0,20.0,21.0,-76.0,-77.0,103M,103.0,anonymized_sample
306,2026-02-07 06:40:01-05:00,105.0,105.0,20.0,22.0,-76.0,-77.0,137M,137.0,anonymized_sample
307,2026-02-07 07:25:01-05:00,105.0,105.0,20.0,22.0,-76.0,-76.0,137M,137.0,anonymized_sample
308,2026-02-07 08:05:01-05:00,105.0,104.0,20.0,22.0,-76.0,-77.0,137M,137.0,anonymized_sample
309,2026-02-07 08:47:01-05:00,105.0,105.0,22.0,21.0,-74.0,-78.0,137M,137.0,anonymized_sample
310,2026-02-07 09:32:01-05:00,105.0,105.0,20.0,22.0,-78.0,-78.0,137M,137.0,anonymized_sample
311,2026-02-07 10:16:01-05:00,104.0,104.0,19.0,21.0,-77.0,-78.0,103M,103.0,anonymized_sample
312,2026-02-07 10:59:01-05:00,104.0,104.0,19.0,21.0,-77.0,-77.0,103M,103.0,anonymized_sample
313,2026-02-07 11:45:01-05:00,104.0,104.0,19.0,22.0,-77.0,-77.0,103M,103.0,anonymized_sample
314,2026-02-07 12:32:01-05:00,106.0,104.0,20.0,21.0,-76.0,-77.0,77M,77.0,anonymized_sample
315,2026-02-07 13:19:01-05:00,103.0,104.0,20.0,21.0,-78.0,-77.0,68M,68.0,anonymized_sample
316,2026-02-07 14:04:01-05:00,104.0,104.0,21.0,21.0,-77.0,-77.0,103M,103.0,anonymized_sample
317,2026-02-07 14:49:01-05:00,105.0,104.0,21.0,22.0,-77.0,-76.0,137M,137.0,anonymized_sample
318,2026-02-07 15:35:01-05:00,104.0,106.0,20.0,21.0,-76.0,-77.0,103M,103.0,anonymized_sample
319,2026-02-07 16:18:01-05:00,104.0,106.0,20.0,21.0,-76.0,-77.0,103M,103.0,anonymized_sample
320,2026-02-07 17:00:01-05:00,104.0,104.0,20.0,21.0,-76.0,-77.0,103M,103.0,anonymized_sample
321,2026-02-07 17:45:01-05:00,105.0,104.0,20.0,21.0,-76.0,-77.0,137M,137.0,anonymized_sample
322,2026-02-07 18:32:01-05:00,105.0,103.0,19.0,21.0,-77.0,-76.0,137M,137.0,anonymized_sample
323,2026-02-07 19:21:01-05:00,104.0,106.0,19.0,20.0,-77.0,-77.0,103M,103.0,anonymized_sample
324,2026-02-07 20:06:01-05:00,104.0,104.0,19.0,21.0,-77.0,-77.0,103M,103.0,anonymized_sample
325,2026-02-07 20:52:01-05:00,105.0,103.0,19.0,20.0,-77.0,-78.0,137M,137.0,anonymized_sample
326,2026-02-07 21:39:01-05:00,104.0,103.0,20.0,20.0,-76.0,-78.0,103M,103.0,anonymized_sample
327,2026-02-07 22:24:01-05:00,105.0,104.0,20.0,21.0,-76.0,-77.0,137M,137.0,anonymized_sample
328,2026-02-07 23:08:01-05:00,105.0,107.0,20.0,21.0,-76.0,-78.0,137M,137.0,anonymized_sample
329,2026-02-07 23:51:01-05:00,105.0,104.0,20.0,22.0,-76.0,-76.0,137M,137.0,anonymized_sample
330,2026-02-08 00:35:01-05:00,105.0,104.0,20.0,21.0,-76.0,-77.0,137M,137.0,anonymized_sample
331,2026-02-08 01:20:01-05:00,104.0,103.0,19.0,21.0,-79.0,-77.0,103M,103.0,anonymized_sample
332,2026-02-08 02:07:01-05:00,104.0,105.0,19.0,22.0,-79.0,-77.0,103M,103.0,anonymized_sample
333,2026-02-08 02:54:01-05:00,105.0,105.0,20.0,21.0,-76.0,-77.0,137M,137.0,anonymized_sample
334,2026-02-08 03:43:01-05:00,105.0,104.0,21.0,21.0,-75.0,-78.0,137M,137.0,anonymized_sample
335,2026-02-08 04:32:01-05:00,105.0,105.0,20.0,21.0,-78.0,-77.0,137M,137.0,anonymized_sample
336,2026-02-08 05:17:01-05:00,105.0,104.0,19.0,21.0,-77.0,-77.0,137M,137.0,anonymized_sample
337,2026-02-08 06:02:01-05:00,105.0,104.0,19.0,21.0,-77.0,-78.0,137M,137.0,anonymized_sample
338,2026-02-08 06:47:01-05:00,104.0,106.0,19.0,22.0,-77.0,-78.0,103M,103.0,anonymized_sample
339,2026-02-08 07:31:01-05:00,105.0,103.0,19.0,20.0,-77.0,-78.0,137M,137.0,anonymized_sample
340,2026-02-08 08:16:01-05:00,105.0,104.0,19.0,22.0,-77.0,-77.0,137M,137.0,anonymized_sample
341,2026-02-08 09:01:01-05:00,105.0,104.0,19.0,22.0,-77.0,-77.0,137M,137.0,anonymized_sample
342,2026-02-08 09:45:01-05:00,105.0,105.0,19.0,21.0,-77.0,-77.0,137M,137.0,anonymized_sample
343,2026-02-08 10:30:01-05:00,104.0,104.0,20.0,21.0,-76.0,-77.0,103M,103.0,anonymized_sample
344,2026-02-08 11:13:01-05:00,105.0,105.0,20.0,21.0,-78.0,-77.0,137M,137.0,anonymized_sample
345,2026-02-08 11:57:01-05:00,106.0,105.0,21.0,21.0,-77.0,-77.0,154M,154.0,anonymized_sample
346,2026-02-08 12:39:01-05:00,104.0,104.0,21.0,21.0,-77.0,-77.0,103M,103.0,anonymized_sample
347,2026-02-08 13:24:01-05:00,106.0,104.0,21.0,22.0,-75.0,-76.0,154M,154.0,anonymized_sample
348,2026-02-08 14:11:01-05:00,104.0,105.0,21.0,21.0,-77.0,-77.0,103M,103.0,anonymized_sample
349,2026-02-08 14:53:01-05:00,105.0,104.0,19.0,21.0,-77.0,-77.0,137M,137.0,anonymized_sample
350,2026-02-08 15:37:02-05:00,104.0,106.0,21.0,21.0,-75.0,-77.0,103M,103.0,anonymized_sample
351,2026-02-08 16:23:01-05:00,104.0,104.0,20.0,20.0,-76.0,-78.0,103M,103.0,anonymized_sample
352,2026-02-08 17:07:01-05:00,105.0,104.0,20.0,22.0,-76.0,-75.0,137M,137.0,anonymized_sample
353,2026-02-08 17:55:01-05:00,104.0,106.0,20.0,21.0,-76.0,-77.0,103M,103.0,anonymized_sample
354,2026-02-08 18:39:01-05:00,104.0,104.0,21.0,21.0,-77.0,-77.0,103M,103.0,anonymized_sample
355,2026-02-08 19:22:01-05:00,103.0,106.0,20.0,22.0,-78.0,-76.0,68M,68.0,anonymized_sample
356,2026-02-08 20:07:01-05:00,104.0,107.0,20.0,22.0,-78.0,-75.0,103M,103.0,anonymized_sample
357,2026-02-08 20:48:01-05:00,105.0,104.0,19.0,22.0,-79.0,-76.0,137M,137.0,anonymized_sample
358,2026-02-08 21:29:01-05:00,104.0,106.0,19.0,22.0,-79.0,-76.0,103M,103.0,anonymized_sample
359,2026-02-08 22:12:01-05:00,104.0,103.0,19.0,21.0,-79.0,-76.0,103M,103.0,anonymized_sample
360,2026-02-08 22:57:01-05:00,105.0,104.0,20.0,21.0,-76.0,-77.0,137M,137.0,anonymized_sample
361,2026-02-08 23:44:01-05:00,104.0,103.0,21.0,22.0,-75.0,-76.0,103M,103.0,anonymized_sample
362,2026-02-09 00:30:01-05:00,105.0,105.0,20.0,22.0,-78.0,-76.0,137M,137.0,anonymized_sample
363,2026-02-09 01:19:01-05:00,105.0,105.0,20.0,22.0,-76.0,-76.0,137M,137.0,anonymized_sample
364,2026-02-09 02:04:01-05:00,105.0,105.0,20.0,22.0,-78.0,-76.0,137M,137.0,anonymized_sample
365,2026-02-09 02:52:01-05:00,105.0,104.0,21.0,22.0,-77.0,-78.0,137M,137.0,anonymized_sample
366,2026-02-09 03:41:01-05:00,105.0,104.0,21.0,22.0,-77.0,-76.0,137M,137.0,anonymized_sample
367,2026-02-09 04:28:01-05:00,104.0,105.0,21.0,22.0,-75.0,-76.0,103M,103.0,anonymized_sample
368,2026-02-09 05:21:01-05:00,106.0,105.0,20.0,22.0,-78.0,-77.0,154M,154.0,anonymized_sample
369,2026-02-09 06:06:01-05:00,105.0,104.0,21.0,21.0,-75.0,-77.0,137M,137.0,anonymized_sample
370,2026-02-09 06:52:01-05:00,104.0,104.0,20.0,22.0,-78.0,-76.0,103M,103.0,anonymized_sample
371,2026-02-09 07:33:01-05:00,104.0,104.0,20.0,21.0,-78.0,-77.0,103M,103.0,anonymized_sample
372,2026-02-09 08:14:01-05:00,104.0,105.0,20.0,22.0,-76.0,-78.0,103M,103.0,anonymized_sample
373,2026-02-09 08:58:01-05:00,105.0,102.0,20.0,21.0,-78.0,-79.0,137M,137.0,anonymized_sample
374,2026-02-09 09:44:01-05:00,103.0,101.0,21.0,22.0,-75.0,-76.0,68M,68.0,anonymized_sample
375,2026-02-09 10:27:01-05:00,101.0,104.0,21.0,22.0,-75.0,-76.0,34M,34.0,anonymized_sample
376,2026-02-09 11:11:01-05:00,104.0,102.0,21.0,22.0,-76.0,-76.0,103M,103.0,anonymized_sample
377,2026-02-09 11:56:01-05:00,104.0,101.0,21.0,22.0,-77.0,-76.0,103M,103.0,anonymized_sample
378,2026-02-09 12:37:01-05:00,105.0,101.0,22.0,22.0,-75.0,-76.0,137M,137.0,anonymized_sample
379,2026-02-09 13:22:01-05:00,104.0,102.0,21.0,23.0,-76.0,-75.0,103M,103.0,anonymized_sample
380,2026-02-09 14:04:01-05:00,105.0,105.0,21.0,22.0,-77.0,-78.0,137M,137.0,anonymized_sample
381,2026-02-09 15:02:01-05:00,102.0,101.0,21.0,22.0,-75.0,-76.0,51M,51.0,anonymized_sample
382,2026-02-09 15:47:01-05:00,104.0,102.0,22.0,22.0,-74.0,-76.0,103M,103.0,anonymized_sample
383,2026-02-09 16:30:01-05:00,104.0,103.0,21.0,24.0,-76.0,-74.0,103M,103.0,anonymized_sample
384,2026-02-09 17:18:01-05:00,102.0,101.0,22.0,22.0,-74.0,-76.0,51M,51.0,anonymized_sample
385,2026-02-09 18:02:01-05:00,104.0,102.0,20.0,21.0,-77.0,-77.0,103M,103.0,anonymized_sample
386,2026-02-09 18:47:01-05:00,104.0,103.0,21.0,22.0,-75.0,-76.0,103M,103.0,anonymized_sample
387,2026-02-09 19:35:01-05:00,101.0,101.0,21.0,22.0,-75.0,-76.0,34M,34.0,anonymized_sample
388,2026-02-09 20:23:01-05:00,104.0,101.0,21.0,22.0,-75.0,-76.0,103M,103.0,anonymized_sample
389,2026-02-09 21:13:01-05:00,101.0,101.0,20.0,24.0,-76.0,-74.0,34M,34.0,anonymized_sample
390,2026-02-09 21:59:01-05:00,102.0,101.0,22.0,23.0,-75.0,-77.0,51M,51.0,anonymized_sample
391,2026-02-09 22:47:01-05:00,100.0,101.0,22.0,22.0,-74.0,-78.0,17M,17.0,anonymized_sample
392,2026-02-09 23:31:01-05:00,104.0,101.0,21.0,22.0,-75.0,-76.0,103M,103.0,anonymized_sample
393,2026-02-10 00:16:01-05:00,105.0,105.0,22.0,23.0,-75.0,-75.0,137M,137.0,anonymized_sample
394,2026-02-10 00:59:01-05:00,104.0,104.0,22.0,22.0,-74.0,-76.0,103M,103.0,anonymized_sample
395,2026-02-10 01:46:01-05:00,105.0,105.0,22.0,23.0,-74.0,-75.0,137M,137.0,anonymized_sample
396,2026-02-10 02:32:01-05:00,105.0,105.0,21.0,23.0,-75.0,-77.0,137M,137.0,anonymized_sample
397,2026-02-10 03:21:01-05:00,106.0,105.0,22.0,22.0,-75.0,-76.0,154M,154.0,anonymized_sample
398,2026-02-10 04:07:01-05:00,106.0,104.0,22.0,23.0,-76.0,-75.0,154M,154.0,anonymized_sample
399,2026-02-10 04:56:01-05:00,106.0,105.0,21.0,23.0,-75.0,-77.0,154M,154.0,anonymized_sample
400,2026-02-10 05:46:01-05:00,105.0,105.0,22.0,23.0,-74.0,-75.0,137M,137.0,anonymized_sample
401,2026-02-10 06:33:01-05:00,105.0,105.0,21.0,23.0,-75.0,-75.0,137M,137.0,anonymized_sample
402,2026-02-10 07:17:01-05:00,104.0,104.0,22.0,22.0,-74.0,-76.0,103M,103.0,anonymized_sample
403,2026-02-10 08:04:01-05:00,105.0,103.0,22.0,23.0,-74.0,-75.0,137M,137.0,anonymized_sample
404,2026-02-10 08:46:01-05:00,106.0,104.0,22.0,22.0,-75.0,-78.0,154M,154.0,anonymized_sample
405,2026-02-10 09:30:01-05:00,102.0,101.0,21.0,23.0,-75.0,-75.0,51M,51.0,anonymized_sample
406,2026-02-10 10:13:01-05:00,104.0,103.0,21.0,24.0,-77.0,-76.0,103M,103.0,anonymized_sample
407,2026-02-10 10:59:01-05:00,104.0,103.0,21.0,21.0,-75.0,-77.0,103M,103.0,anonymized_sample
408,2026-02-10 11:45:01-05:00,103.0,101.0,21.0,22.0,-75.0,-76.0,68M,68.0,anonymized_sample
409,2026-02-10 12:31:01-05:00,106.0,102.0,21.0,23.0,-75.0,-75.0,154M,154.0,anonymized_sample
410,2026-02-10 13:15:01-05:00,105.0,104.0,22.0,22.0,-74.0,-76.0,137M,137.0,anonymized_sample
411,2026-02-10 14:00:01-05:00,103.0,101.0,21.0,21.0,-75.0,-77.0,68M,68.0,anonymized_sample
412,2026-02-10 14:44:01-05:00,103.0,102.0,21.0,22.0,-75.0,-76.0,68M,68.0,anonymized_sample
413,2026-02-10 15:30:01-05:00,102.0,102.0,21.0,22.0,-76.0,-76.0,51M,51.0,anonymized_sample
414,2026-02-10 16:17:01-05:00,104.0,101.0,20.0,22.0,-76.0,-76.0,103M,103.0,anonymized_sample
415,2026-02-10 17:04:01-05:00,102.0,101.0,20.0,21.0,-77.0,-77.0,51M,51.0,anonymized_sample
416,2026-02-10 17:50:01-05:00,102.0,102.0,20.0,21.0,-77.0,-77.0,51M,51.0,anonymized_sample
417,2026-02-10 18:34:01-05:00,104.0,101.0,20.0,21.0,-77.0,-77.0,103M,103.0,anonymized_sample
418,2026-02-10 19:19:01-05:00,102.0,101.0,20.0,21.0,-77.0,-76.0,51M,51.0,anonymized_sample
419,2026-02-10 20:04:02-05:00,103.0,101.0,20.0,21.0,-76.0,-76.0,68M,68.0,anonymized_sample
420,2026-02-10 20:49:01-05:00,101.0,101.0,20.0,21.0,-76.0,-77.0,34M,34.0,anonymized_sample
421,2026-02-10 21:36:01-05:00,102.0,101.0,20.0,21.0,-76.0,-77.0,51M,51.0,anonymized_sample
422,2026-02-10 22:21:01-05:00,105.0,101.0,20.0,21.0,-76.0,-77.0,137M,137.0,anonymized_sample
423,2026-02-10 23:09:01-05:00,103.0,101.0,20.0,22.0,-76.0,-77.0,68M,68.0,anonymized_sample
424,2026-02-10 23:52:01-05:00,103.0,102.0,20.0,22.0,-76.0,-76.0,68M,68.0,anonymized_sample
425,2026-02-11 00:32:01-05:00,102.0,102.0,20.0,21.0,-76.0,-76.0,51M,51.0,anonymized_sample
426,2026-02-11 01:17:01-05:00,102.0,102.0,20.0,22.0,-76.0,-77.0,51M,51.0,anonymized_sample
427,2026-02-11 02:03:01-05:00,102.0,104.0,22.0,21.0,-74.0,-77.0,51M,51.0,anonymized_sample
428,2026-02-11 02:46:01-05:00,103.0,102.0,21.0,20.0,-76.0,-78.0,68M,68.0,anonymized_sample
429,2026-02-11 03:31:01-05:00,102.0,102.0,20.0,20.0,-76.0,-79.0,51M,51.0,anonymized_sample
430,2026-02-11 04:14:01-05:00,102.0,101.0,20.0,21.0,-76.0,-78.0,51M,51.0,anonymized_sample
431,2026-02-11 05:00:01-05:00,104.0,102.0,20.0,22.0,-77.0,-77.0,51M,51.0,anonymized_sample
432,2026-02-11 05:46:01-05:00,105.0,105.0,20.0,21.0,-78.0,-77.0,137M,137.0,anonymized_sample
433,2026-02-11 06:35:01-05:00,105.0,105.0,20.0,21.0,-76.0,-78.0,137M,137.0,anonymized_sample
434,2026-02-11 07:18:01-05:00,105.0,103.0,20.0,21.0,-76.0,-78.0,137M,137.0,anonymized_sample
435,2026-02-11 08:03:01-05:00,105.0,104.0,20.0,20.0,-76.0,-78.0,137M,137.0,anonymized_sample
436,2026-02-11 08:48:01-05:00,104.0,104.0,20.0,20.0,-76.0,-80.0,103M,103.0,anonymized_sample
437,2026-02-11 09:35:01-05:00,105.0,105.0,20.0,22.0,-76.0,-77.0,137M,137.0,anonymized_sample
438,2026-02-11 10:22:01-05:00,105.0,104.0,20.0,21.0,-76.0,-77.0,137M,137.0,anonymized_sample
439,2026-02-11 11:11:01-05:00,104.0,105.0,21.0,22.0,-76.0,-78.0,103M,103.0,anonymized_sample
440,2026-02-11 12:00:01-05:00,105.0,105.0,21.0,23.0,-77.0,-77.0,137M,137.0,anonymized_sample
441,2026-02-11 12:46:01-05:00,104.0,105.0,21.0,22.0,-77.0,-76.0,103M,103.0,anonymized_sample
442,2026-02-11 13:36:01-05:00,105.0,105.0,20.0,22.0,-76.0,-78.0,137M,137.0,anonymized_sample
443,2026-02-11 14:23:01-05:00,104.0,105.0,21.0,22.0,-77.0,-76.0,103M,103.0,anonymized_sample
444,2026-02-11 15:11:01-05:00,105.0,105.0,20.0,22.0,-76.0,-78.0,137M,137.0,anonymized_sample
445,2026-02-11 15:58:01-05:00,105.0,105.0,21.0,24.0,-76.0,-74.0,137M,137.0,anonymized_sample
446,2026-02-11 16:46:01-05:00,105.0,105.0,21.0,22.0,-76.0,-78.0,137M,137.0,anonymized_sample
447,2026-02-11 17:33:01-05:00,105.0,105.0,21.0,21.0,-75.0,-77.0,137M,137.0,anonymized_sample
448,2026-02-11 18:21:01-05:00,105.0,104.0,21.0,21.0,-76.0,-77.0,137M,137.0,anonymized_sample
449,2026-02-11 19:16:01-05:00,105.0,104.0,21.0,22.0,-75.0,-76.0,137M,137.0,anonymized_sample
450,2026-02-11 20:11:02-05:00,104.0,104.0,19.0,18.0,-77.0,-80.0,103M,103.0,anonymized_sample
451,2026-02-11 21:03:01-05:00,104.0,104.0,19.0,20.0,-77.0,-78.0,103M,103.0,anonymized_sample
452,2026-02-11 21:52:01-05:00,103.0,104.0,19.0,19.0,-77.0,-79.0,68M,68.0,anonymized_sample
453,2026-02-11 22:43:01-05:00,104.0,104.0,19.0,20.0,-77.0,-78.0,103M,103.0,anonymized_sample
454,2026-02-11 23:40:01-05:00,104.0,104.0,19.0,17.0,-77.0,-81.0,103M,103.0,anonymized_sample
455,2026-02-12 00:28:01-05:00,104.0,104.0,19.0,20.0,-77.0,-78.0,103M,103.0,anonymized_sample
456,2026-02-12 01:15:01-05:00,105.0,104.0,19.0,20.0,-77.0,-78.0,137M,137.0,anonymized_sample
457,2026-02-12 02:06:01-05:00,105.0,104.0,18.0,21.0,-78.0,-77.0,137M,137.0,anonymized_sample
458,2026-02-12 02:50:01-05:00,104.0,104.0,18.0,20.0,-78.0,-78.0,103M,103.0,anonymized_sample
459,2026-02-12 03:35:01-05:00,105.0,104.0,19.0,21.0,-77.0,-77.0,137M,137.0,anonymized_sample
460,2026-02-12 04:19:01-05:00,105.0,104.0,19.0,21.0,-77.0,-79.0,137M,137.0,anonymized_sample
461,2026-02-12 05:08:01-05:00,104.0,104.0,19.0,21.0,-77.0,-77.0,103M,103.0,anonymized_sample
462,2026-02-12 05:55:01-05:00,104.0,105.0,19.0,21.0,-77.0,-77.0,103M,103.0,anonymized_sample
463,2026-02-12 06:44:01-05:00,104.0,105.0,19.0,21.0,-77.0,-77.0,103M,103.0,anonymized_sample
464,2026-02-12 07:31:01-05:00,105.0,105.0,19.0,21.0,-77.0,-79.0,137M,137.0,anonymized_sample
465,2026-02-12 08:17:01-05:00,104.0,104.0,19.0,21.0,-77.0,-77.0,103M,103.0,anonymized_sample
466,2026-02-12 09:03:01-05:00,105.0,104.0,19.0,21.0,-78.0,-77.0,137M,137.0,anonymized_sample
467,2026-02-12 09:47:01-05:00,104.0,105.0,19.0,21.0,-78.0,-77.0,103M,103.0,anonymized_sample
468,2026-02-12 10:35:01-05:00,104.0,104.0,19.0,18.0,-78.0,-82.0,103M,103.0,anonymized_sample
469,2026-02-12 11:29:01-05:00,104.0,105.0,19.0,20.0,-78.0,-78.0,103M,103.0,anonymized_sample
470,2026-02-12 15:49:01-05:00,105.0,104.0,20.0,20.0,-76.0,-78.0,103M,103.0,anonymized_sample
471,2026-02-12 16:38:01-05:00,104.0,104.0,19.0,20.0,-79.0,-78.0,103M,103.0,anonymized_sample
472,2026-02-12 17:30:01-05:00,104.0,104.0,19.0,20.0,-79.0,-78.0,103M,103.0,anonymized_sample
473,2026-02-12 18:20:01-05:00,104.0,104.0,19.0,18.0,-79.0,-80.0,103M,103.0,anonymized_sample
474,2026-02-12 19:11:01-05:00,102.0,104.0,19.0,19.0,-79.0,-79.0,51M,51.0,anonymized_sample
475,2026-02-12 19:59:01-05:00,105.0,104.0,19.0,19.0,-79.0,-79.0,137M,137.0,anonymized_sample
476,2026-02-12 20:48:01-05:00,102.0,104.0,19.0,19.0,-79.0,-79.0,51M,51.0,anonymized_sample
477,2026-02-12 21:41:01-05:00,104.0,104.0,19.0,18.0,-79.0,-80.0,103M,103.0,anonymized_sample
478,2026-02-12 22:34:01-05:00,105.0,104.0,19.0,19.0,-79.0,-79.0,137M,137.0,anonymized_sample
479,2026-02-12 23:31:01-05:00,103.0,104.0,19.0,19.0,-79.0,-79.0,68M,68.0,anonymized_sample
480,2026-02-13 00:30:01-05:00,104.0,104.0,19.0,19.0,-79.0,-79.0,103M,103.0,anonymized_sample
481,2026-02-13 01:22:01-05:00,106.0,104.0,19.0,19.0,-79.0,-80.0,77M,77.0,anonymized_sample
482,2026-02-13 02:21:01-05:00,104.0,104.0,19.0,19.0,-79.0,-80.0,103M,103.0,anonymized_sample
483,2026-02-13 03:19:01-05:00,106.0,104.0,19.0,20.0,-79.0,-78.0,77M,77.0,anonymized_sample
484,2026-02-13 04:17:01-05:00,104.0,104.0,19.0,19.0,-79.0,-79.0,103M,103.0,anonymized_sample
485,2026-02-13 05:13:01-05:00,106.0,104.0,18.0,19.0,-78.0,-79.0,77M,77.0,anonymized_sample
486,2026-02-13 06:11:01-05:00,103.0,104.0,18.0,18.0,-78.0,-80.0,68M,68.0,anonymized_sample
487,2026-02-13 07:03:01-05:00,104.0,104.0,18.0,20.0,-78.0,-79.0,103M,103.0,anonymized_sample
488,2026-02-13 07:54:01-05:00,104.0,104.0,18.0,20.0,-78.0,-78.0,103M,103.0,anonymized_sample
489,2026-02-13 08:42:01-05:00,103.0,104.0,18.0,19.0,-78.0,-79.0,68M,68.0,anonymized_sample
490,2026-02-13 09:26:01-05:00,105.0,104.0,18.0,21.0,-78.0,-77.0,137M,137.0,anonymized_sample
491,2026-02-13 10:10:01-05:00,106.0,104.0,20.0,21.0,-78.0,-77.0,77M,77.0,anonymized_sample
492,2026-02-13 10:55:01-05:00,105.0,105.0,20.0,21.0,-78.0,-77.0,137M,137.0,anonymized_sample
493,2026-02-13 11:42:01-05:00,106.0,104.0,22.0,23.0,-76.0,-75.0,77M,77.0,anonymized_sample
494,2026-02-13 12:28:01-05:00,105.0,105.0,21.0,22.0,-75.0,-76.0,137M,137.0,anonymized_sample
495,2026-02-13 13:18:01-05:00,106.0,105.0,21.0,22.0,-76.0,-76.0,154M,154.0,anonymized_sample
496,2026-02-13 14:01:01-05:00,105.0,105.0,21.0,22.0,-75.0,-78.0,137M,137.0,anonymized_sample
497,2026-02-13 14:47:01-05:00,105.0,104.0,21.0,22.0,-77.0,-76.0,137M,137.0,anonymized_sample
498,2026-02-13 15:29:01-05:00,104.0,105.0,22.0,23.0,-76.0,-75.0,103M,103.0,anonymized_sample
499,2026-02-13 16:15:01-05:00,104.0,105.0,21.0,23.0,-77.0,-75.0,103M,103.0,anonymized_sample
500,2026-02-13 17:05:01-05:00,106.0,105.0,21.0,22.0,-76.0,-76.0,154M,154.0,anonymized_sample
501,2026-02-13 17:54:01-05:00,105.0,105.0,22.0,23.0,-75.0,-75.0,137M,137.0,anonymized_sample
502,2026-02-13 18:39:01-05:00,106.0,105.0,22.0,23.0,-75.0,-75.0,154M,154.0,anonymized_sample
503,2026-02-13 19:22:01-05:00,104.0,104.0,21.0,21.0,-76.0,-77.0,103M,103.0,anonymized_sample
504,2026-02-13 20:07:02-05:00,105.0,105.0,22.0,21.0,-75.0,-77.0,137M,137.0,anonymized_sample
505,2026-02-13 20:54:01-05:00,105.0,104.0,22.0,20.0,-75.0,-78.0,137M,137.0,anonymized_sample
506,2026-02-13 21:43:01-05:00,104.0,104.0,22.0,19.0,-75.0,-79.0,103M,103.0,anonymized_sample
507,2026-02-13 22:28:01-05:00,104.0,104.0,19.0,21.0,-77.0,-77.0,103M,103.0,anonymized_sample
508,2026-02-13 23:16:01-05:00,105.0,104.0,19.0,21.0,-77.0,-77.0,137M,137.0,anonymized_sample
509,2026-02-14 00:03:01-05:00,104.0,104.0,19.0,19.0,-77.0,-78.0,103M,103.0,anonymized_sample
510,2026-02-14 00:49:01-05:00,104.0,104.0,19.0,20.0,-77.0,-80.0,103M,103.0,anonymized_sample
511,2026-02-14 01:37:01-05:00,104.0,104.0,19.0,21.0,-77.0,-77.0,103M,103.0,anonymized_sample
512,2026-02-14 02:24:01-05:00,105.0,105.0,19.0,21.0,-77.0,-77.0,137M,137.0,anonymized_sample
513,2026-02-14 03:13:01-05:00,105.0,104.0,20.0,21.0,-78.0,-79.0,137M,137.0,anonymized_sample
514,2026-02-14 03:58:01-05:00,105.0,104.0,19.0,20.0,-79.0,-78.0,137M,137.0,anonymized_sample
515,2026-02-14 04:43:01-05:00,104.0,104.0,19.0,22.0,-79.0,-77.0,103M,103.0,anonymized_sample
516,2026-02-14 05:27:01-05:00,105.0,105.0,19.0,22.0,-77.0,-77.0,137M,137.0,anonymized_sample
517,2026-02-14 06:14:01-05:00,104.0,104.0,20.0,21.0,-76.0,-79.0,103M,103.0,anonymized_sample
518,2026-02-14 06:59:01-05:00,104.0,104.0,20.0,21.0,-76.0,-78.0,103M,103.0,anonymized_sample
519,2026-02-14 07:42:01-05:00,105.0,105.0,20.0,22.0,-76.0,-76.0,137M,137.0,anonymized_sample
520,2026-02-14 08:31:01-05:00,104.0,104.0,19.0,21.0,-77.0,-78.0,103M,103.0,anonymized_sample
521,2026-02-14 09:17:01-05:00,106.0,104.0,19.0,21.0,-77.0,-77.0,77M,77.0,anonymized_sample
522,2026-02-14 10:07:01-05:00,103.0,104.0,19.0,20.0,-77.0,-78.0,68M,68.0,anonymized_sample
523,2026-02-14 10:50:02-05:00,106.0,104.0,19.0,20.0,-77.0,-78.0,77M,77.0,anonymized_sample
524,2026-02-14 11:39:01-05:00,104.0,104.0,19.0,20.0,-77.0,-79.0,103M,103.0,anonymized_sample
525,2026-02-14 12:26:01-05:00,104.0,104.0,19.0,22.0,-79.0,-76.0,103M,103.0,anonymized_sample
526,2026-02-14 13:15:01-05:00,104.0,105.0,19.0,21.0,-79.0,-77.0,103M,103.0,anonymized_sample
527,2026-02-14 14:05:01-05:00,103.0,103.0,19.0,21.0,-79.0,-78.0,68M,68.0,anonymized_sample
528,2026-02-14 14:48:01-05:00,104.0,104.0,19.0,21.0,-77.0,-77.0,103M,103.0,anonymized_sample
529,2026-02-14 15:30:01-05:00,105.0,104.0,19.0,20.0,-79.0,-79.0,137M,137.0,anonymized_sample
530,2026-02-14 16:16:01-05:00,103.0,104.0,19.0,20.0,-79.0,-79.0,68M,68.0,anonymized_sample
531,2026-02-14 17:04:01-05:00,104.0,105.0,19.0,20.0,-79.0,-78.0,103M,103.0,anonymized_sample
532,2026-02-14 17:51:01-05:00,104.0,105.0,19.0,21.0,-79.0,-77.0,103M,103.0,anonymized_sample
533,2026-02-14 18:36:01-05:00,104.0,104.0,19.0,21.0,-78.0,-78.0,103M,103.0,anonymized_sample
534,2026-02-14 19:22:01-05:00,105.0,105.0,19.0,21.0,-77.0,-78.0,137M,137.0,anonymized_sample
535,2026-02-14 20:07:01-05:00,105.0,104.0,19.0,20.0,-77.0,-78.0,137M,137.0,anonymized_sample
536,2026-02-14 20:52:01-05:00,104.0,104.0,19.0,21.0,-77.0,-78.0,103M,103.0,anonymized_sample
537,2026-02-14 21:38:01-05:00,103.0,105.0,20.0,22.0,-77.0,-77.0,68M,68.0,anonymized_sample
538,2026-02-14 22:24:01-05:00,104.0,104.0,20.0,21.0,-77.0,-77.0,103M,103.0,anonymized_sample
539,2026-02-14 23:13:01-05:00,103.0,104.0,19.0,20.0,-77.0,-78.0,68M,68.0,anonymized_sample
540,2026-02-15 00:05:01-05:00,104.0,104.0,19.0,19.0,-77.0,-79.0,103M,103.0,anonymized_sample
541,2026-02-15 00:52:01-05:00,104.0,104.0,19.0,20.0,-77.0,-79.0,103M,103.0,anonymized_sample
542,2026-02-15 01:42:01-05:00,104.0,104.0,19.0,20.0,-77.0,-80.0,103M,103.0,anonymized_sample
543,2026-02-15 02:29:01-05:00,105.0,104.0,19.0,20.0,-77.0,-79.0,137M,137.0,anonymized_sample
544,2026-02-15 03:17:01-05:00,104.0,104.0,19.0,18.0,-77.0,-80.0,103M,103.0,anonymized_sample
545,2026-02-15 04:06:01-05:00,104.0,104.0,19.0,21.0,-77.0,-78.0,103M,103.0,anonymized_sample
546,2026-02-15 04:54:01-05:00,104.0,104.0,19.0,21.0,-77.0,-79.0,103M,103.0,anonymized_sample
547,2026-02-15 05:47:01-05:00,104.0,104.0,19.0,20.0,-79.0,-78.0,103M,103.0,anonymized_sample
548,2026-02-15 06:40:01-05:00,104.0,104.0,19.0,21.0,-77.0,-78.0,103M,103.0,anonymized_sample
549,2026-02-15 07:27:01-05:00,105.0,104.0,18.0,21.0,-80.0,-79.0,137M,137.0,anonymized_sample
550,2026-02-15 08:13:01-05:00,104.0,104.0,19.0,21.0,-79.0,-78.0,103M,103.0,anonymized_sample
551,2026-02-15 08:58:01-05:00,105.0,105.0,19.0,20.0,-79.0,-78.0,137M,137.0,anonymized_sample
552,2026-02-15 09:44:01-05:00,105.0,104.0,19.0,21.0,-79.0,-78.0,137M,137.0,anonymized_sample
553,2026-02-15 10:29:01-05:00,105.0,103.0,21.0,21.0,-77.0,-77.0,137M,137.0,anonymized_sample
554,2026-02-15 11:19:02-05:00,105.0,105.0,20.0,21.0,-77.0,-77.0,137M,137.0,anonymized_sample
555,2026-02-15 12:08:01-05:00,105.0,105.0,20.0,21.0,-78.0,-77.0,137M,137.0,anonymized_sample
556,2026-02-15 12:53:01-05:00,105.0,105.0,21.0,23.0,-76.0,-75.0,137M,137.0,anonymized_sample
557,2026-02-15 13:41:01-05:00,105.0,105.0,21.0,23.0,-75.0,-75.0,137M,137.0,anonymized_sample
558,2026-02-15 14:31:01-05:00,105.0,105.0,22.0,22.0,-76.0,-76.0,137M,137.0,anonymized_sample
559,2026-02-15 15:22:01-05:00,105.0,104.0,21.0,20.0,-76.0,-78.0,137M,137.0,anonymized_sample
560,2026-02-15 16:08:01-05:00,105.0,104.0,22.0,21.0,-76.0,-77.0,137M,137.0,anonymized_sample
561,2026-02-15 16:59:01-05:00,105.0,105.0,22.0,22.0,-76.0,-76.0,137M,137.0,anonymized_sample
562,2026-02-15 17:49:01-05:00,105.0,105.0,21.0,21.0,-75.0,-77.0,137M,137.0,anonymized_sample
563,2026-02-15 18:44:01-05:00,105.0,105.0,21.0,22.0,-75.0,-76.0,137M,137.0,anonymized_sample
564,2026-02-15 19:33:01-05:00,105.0,104.0,20.0,22.0,-76.0,-76.0,137M,137.0,anonymized_sample
565,2026-02-15 20:27:01-05:00,104.0,105.0,22.0,21.0,-74.0,-77.0,103M,103.0,anonymized_sample
566,2026-02-15 21:16:01-05:00,104.0,104.0,19.0,20.0,-77.0,-78.0,103M,103.0,anonymized_sample
567,2026-02-15 22:10:01-05:00,104.0,104.0,19.0,21.0,-77.0,-77.0,103M,103.0,anonymized_sample
568,2026-02-15 23:00:01-05:00,104.0,104.0,20.0,21.0,-76.0,-77.0,103M,103.0,anonymized_sample
569,2026-02-15 23:48:01-05:00,104.0,104.0,20.0,19.0,-76.0,-79.0,103M,103.0,anonymized_sample
570,2026-02-16 00:38:01-05:00,105.0,104.0,20.0,20.0,-78.0,-78.0,137M,137.0,anonymized_sample
571,2026-02-16 01:29:01-05:00,105.0,105.0,20.0,21.0,-78.0,-77.0,137M,137.0,anonymized_sample
572,2026-02-16 02:17:01-05:00,105.0,105.0,20.0,22.0,-78.0,-76.0,137M,137.0,anonymized_sample
573,2026-02-16 03:08:01-05:00,105.0,105.0,20.0,22.0,-76.0,-77.0,137M,137.0,anonymized_sample
574,2026-02-16 03:55:01-05:00,105.0,105.0,20.0,22.0,-76.0,-76.0,137M,137.0,anonymized_sample
575,2026-02-16 04:45:01-05:00,105.0,105.0,20.0,22.0,-78.0,-77.0,137M,137.0,anonymized_sample
576,2026-02-16 05:36:01-05:00,105.0,105.0,20.0,21.0,-78.0,-77.0,137M,137.0,anonymized_sample
577,2026-02-16 06:27:01-05:00,105.0,104.0,20.0,21.0,-78.0,-77.0,137M,137.0,anonymized_sample
578,2026-02-16 07:12:01-05:00,105.0,105.0,19.0,23.0,-77.0,-76.0,137M,137.0,anonymized_sample
579,2026-02-16 07:59:01-05:00,105.0,105.0,20.0,22.0,-76.0,-77.0,137M,137.0,anonymized_sample
580,2026-02-16 08:44:01-05:00,104.0,104.0,20.0,21.0,-76.0,-77.0,103M,103.0,anonymized_sample
581,2026-02-16 09:27:01-05:00,104.0,105.0,19.0,21.0,-77.0,-77.0,103M,103.0,anonymized_sample
582,2026-02-16 10:12:01-05:00,104.0,104.0,20.0,21.0,-76.0,-77.0,103M,103.0,anonymized_sample
583,2026-02-16 10:56:01-05:00,105.0,105.0,20.0,22.0,-76.0,-76.0,137M,137.0,anonymized_sample
584,2026-02-16 11:44:01-05:00,105.0,104.0,21.0,21.0,-77.0,-77.0,137M,137.0,anonymized_sample
585,2026-02-16 12:33:01-05:00,106.0,105.0,21.0,22.0,-77.0,-76.0,154M,154.0,anonymized_sample
586,2026-02-16 13:20:01-05:00,106.0,105.0,22.0,23.0,-74.0,-75.0,77M,77.0,anonymized_sample
587,2026-02-16 14:05:01-05:00,105.0,104.0,22.0,23.0,-76.0,-75.0,137M,137.0,anonymized_sample
588,2026-02-16 14:51:01-05:00,105.0,105.0,22.0,22.0,-75.0,-76.0,68M,68.0,anonymized_sample
589,2026-02-16 15:39:01-05:00,104.0,105.0,21.0,22.0,-75.0,-76.0,103M,103.0,anonymized_sample
590,2026-02-16 16:23:01-05:00,106.0,105.0,21.0,23.0,-75.0,-75.0,154M,154.0,anonymized_sample
591,2026-02-16 17:13:01-05:00,106.0,105.0,22.0,21.0,-74.0,-77.0,154M,154.0,anonymized_sample
592,2026-02-16 18:05:01-05:00,106.0,105.0,22.0,22.0,-75.0,-76.0,154M,154.0,anonymized_sample
593,2026-02-16 18:54:01-05:00,105.0,104.0,21.0,22.0,-75.0,-76.0,137M,137.0,anonymized_sample
594,2026-02-16 19:43:01-05:00,105.0,103.0,19.0,21.0,-77.0,-77.0,137M,137.0,anonymized_sample
595,2026-02-16 20:27:01-05:00,101.0,101.0,19.0,21.0,-77.0,-77.0,34M,34.0,anonymized_sample
596,2026-02-16 21:10:01-05:00,104.0,104.0,21.0,21.0,-76.0,-77.0,103M,103.0,anonymized_sample
597,2026-02-16 21:55:01-05:00,105.0,105.0,20.0,21.0,-78.0,-77.0,137M,137.0,anonymized_sample
598,2026-02-16 22:39:01-05:00,105.0,105.0,20.0,22.0,-78.0,-76.0,137M,137.0,anonymized_sample
599,2026-02-16 23:25:01-05:00,106.0,105.0,20.0,22.0,-78.0,-76.0,77M,77.0,anonymized_sample
600,2026-02-17 00:10:01-05:00,105.0,105.0,20.0,21.0,-76.0,-77.0,137M,137.0,anonymized_sample
601,2026-02-17 00:55:01-05:00,105.0,105.0,19.0,22.0,-77.0,-76.0,137M,137.0,anonymized_sample
602,2026-02-17 01:42:01-05:00,106.0,104.0,20.0,21.0,-76.0,-77.0,77M,77.0,anonymized_sample
603,2026-02-17 02:31:01-05:00,105.0,105.0,18.0,22.0,-78.0,-77.0,137M,137.0,anonymized_sample
604,2026-02-17 03:18:01-05:00,105.0,105.0,18.0,21.0,-78.0,-77.0,137M,137.0,anonymized_sample
605,2026-02-17 04:07:01-05:00,105.0,105.0,18.0,21.0,-78.0,-78.0,137M,137.0,anonymized_sample
606,2026-02-17 04:55:01-05:00,105.0,104.0,20.0,21.0,-76.0,-77.0,137M,137.0,anonymized_sample
607,2026-02-17 05:45:01-05:00,105.0,105.0,20.0,22.0,-76.0,-77.0,137M,137.0,anonymized_sample
608,2026-02-17 06:36:01-05:00,105.0,105.0,20.0,22.0,-76.0,-76.0,137M,137.0,anonymized_sample
609,2026-02-17 07:23:01-05:00,104.0,105.0,20.0,21.0,-78.0,-77.0,103M,103.0,anonymized_sample
610,2026-02-17 08:09:01-05:00,105.0,104.0,20.0,22.0,-78.0,-78.0,137M,137.0,anonymized_sample
611,2026-02-17 08:57:01-05:00,105.0,105.0,20.0,22.0,-78.0,-76.0,137M,137.0,anonymized_sample
612,2026-02-17 09:40:02-05:00,105.0,105.0,21.0,22.0,-77.0,-76.0,137M,137.0,anonymized_sample
613,2026-02-17 10:26:01-05:00,105.0,105.0,21.0,23.0,-77.0,-76.0,137M,137.0,anonymized_sample
614,2026-02-17 11:17:01-05:00,105.0,105.0,21.0,21.0,-75.0,-77.0,137M,137.0,anonymized_sample
615,2026-02-17 12:03:01-05:00,106.0,105.0,20.0,22.0,-77.0,-76.0,154M,154.0,anonymized_sample
616,2026-02-17 12:52:01-05:00,105.0,105.0,22.0,22.0,-75.0,-76.0,137M,137.0,anonymized_sample
617,2026-02-17 13:39:01-05:00,105.0,104.0,21.0,22.0,-77.0,-76.0,137M,137.0,anonymized_sample
618,2026-02-17 14:25:01-05:00,104.0,104.0,21.0,21.0,-76.0,-77.0,103M,103.0,anonymized_sample
619,2026-02-17 15:12:01-05:00,105.0,105.0,21.0,21.0,-75.0,-77.0,137M,137.0,anonymized_sample
620,2026-02-17 16:03:01-05:00,105.0,105.0,21.0,22.0,-75.0,-76.0,137M,137.0,anonymized_sample
621,2026-02-17 16:51:01-05:00,106.0,104.0,20.0,23.0,-77.0,-75.0,154M,154.0,anonymized_sample
622,2026-02-17 17:42:01-05:00,105.0,104.0,21.0,21.0,-75.0,-77.0,137M,137.0,anonymized_sample
623,2026-02-17 18:29:01-05:00,105.0,105.0,21.0,22.0,-77.0,-76.0,137M,137.0,anonymized_sample
624,2026-02-17 19:17:01-05:00,105.0,105.0,21.0,22.0,-75.0,-76.0,137M,137.0,anonymized_sample
625,2026-02-17 20:00:01-05:00,104.0,105.0,21.0,23.0,-77.0,-75.0,103M,103.0,anonymized_sample
626,2026-02-17 20:50:01-05:00,105.0,104.0,21.0,22.0,-75.0,-76.0,137M,137.0,anonymized_sample
627,2026-02-17 21:39:01-05:00,105.0,106.0,22.0,23.0,-76.0,-75.0,137M,137.0,anonymized_sample
628,2026-02-17 22:31:01-05:00,105.0,105.0,21.0,23.0,-75.0,-75.0,137M,137.0,anonymized_sample
629,2026-02-17 23:25:01-05:00,105.0,105.0,21.0,22.0,-75.0,-76.0,137M,137.0,anonymized_sample
630,2026-02-18 00:17:01-05:00,104.0,104.0,21.0,21.0,-77.0,-77.0,103M,103.0,anonymized_sample
631,2026-02-18 01:06:01-05:00,104.0,104.0,20.0,20.0,-76.0,-78.0,103M,103.0,anonymized_sample
632,2026-02-18 01:53:01-05:00,105.0,104.0,20.0,20.0,-76.0,-79.0,137M,137.0,anonymized_sample
633,2026-02-18 02:36:01-05:00,105.0,104.0,20.0,21.0,-76.0,-77.0,137M,137.0,anonymized_sample
634,2026-02-18 03:30:01-05:00,104.0,104.0,20.0,20.0,-76.0,-79.0,103M,103.0,anonymized_sample
635,2026-02-18 04:28:01-05:00,105.0,104.0,20.0,20.0,-76.0,-78.0,137M,137.0,anonymized_sample
636,2026-02-18 05:21:01-05:00,105.0,105.0,19.0,20.0,-77.0,-78.0,137M,137.0,anonymized_sample
637,2026-02-18 06:13:01-05:00,105.0,104.0,19.0,19.0,-77.0,-81.0,137M,137.0,anonymized_sample
638,2026-02-18 07:05:01-05:00,105.0,104.0,19.0,19.0,-77.0,-79.0,137M,137.0,anonymized_sample
639,2026-02-18 07:59:01-05:00,104.0,104.0,19.0,20.0,-79.0,-78.0,103M,103.0,anonymized_sample
640,2026-02-18 08:49:01-05:00,104.0,104.0,19.0,20.0,-77.0,-80.0,103M,103.0,anonymized_sample
641,2026-02-18 09:42:01-05:00,105.0,104.0,19.0,21.0,-77.0,-77.0,137M,137.0,anonymized_sample
642,2026-02-18 10:26:01-05:00,105.0,105.0,19.0,22.0,-77.0,-77.0,137M,137.0,anonymized_sample
643,2026-02-18 11:11:01-05:00,105.0,104.0,19.0,21.0,-77.0,-77.0,137M,137.0,anonymized_sample
644,2026-02-18 12:01:01-05:00,104.0,105.0,20.0,20.0,-76.0,-78.0,103M,103.0,anonymized_sample
645,2026-02-18 12:48:01-05:00,105.0,105.0,20.0,21.0,-78.0,-77.0,137M,137.0,anonymized_sample
646,2026-02-18 13:39:01-05:00,104.0,104.0,20.0,19.0,-78.0,-79.0,103M,103.0,anonymized_sample
647,2026-02-18 14:30:01-05:00,104.0,105.0,20.0,20.0,-78.0,-78.0,103M,103.0,anonymized_sample
648,2026-02-18 15:21:01-05:00,105.0,104.0,20.0,21.0,-78.0,-77.0,137M,137.0,anonymized_sample
649,2026-02-18 16:11:01-05:00,104.0,104.0,18.0,19.0,-78.0,-79.0,103M,103.0,anonymized_sample
650,2026-02-18 16:58:01-05:00,105.0,104.0,20.0,21.0,-77.0,-77.0,137M,137.0,anonymized_sample
651,2026-02-18 17:45:01-05:00,104.0,104.0,18.0,20.0,-79.0,-78.0,103M,103.0,anonymized_sample
652,2026-02-18 18:33:01-05:00,105.0,104.0,19.0,20.0,-79.0,-78.0,137M,137.0,anonymized_sample
653,2026-02-18 19:25:01-05:00,103.0,104.0,19.0,20.0,-79.0,-77.0,68M,68.0,anonymized_sample
654,2026-02-18 20:12:01-05:00,105.0,104.0,19.0,20.0,-79.0,-78.0,137M,137.0,anonymized_sample
655,2026-02-18 21:03:01-05:00,104.0,104.0,20.0,20.0,-77.0,-78.0,103M,103.0,anonymized_sample
656,2026-02-18 21:53:01-05:00,104.0,104.0,20.0,20.0,-77.0,-78.0,103M,103.0,anonymized_sample
657,2026-02-18 22:40:01-05:00,104.0,104.0,20.0,21.0,-78.0,-78.0,103M,103.0,anonymized_sample
658,2026-02-18 23:30:01-05:00,105.0,104.0,20.0,22.0,-78.0,-77.0,137M,137.0,anonymized_sample
659,2026-02-19 00:16:01-05:00,105.0,104.0,20.0,21.0,-78.0,-77.0,137M,137.0,anonymized_sample
660,2026-02-19 01:03:01-05:00,105.0,105.0,20.0,22.0,-78.0,-77.0,137M,137.0,anonymized_sample
661,2026-02-19 01:55:01-05:00,105.0,105.0,20.0,21.0,-78.0,-77.0,137M,137.0,anonymized_sample
662,2026-02-19 02:41:01-05:00,105.0,104.0,19.0,20.0,-78.0,-78.0,137M,137.0,anonymized_sample
663,2026-02-19 03:35:01-05:00,105.0,105.0,21.0,20.0,-76.0,-78.0,137M,137.0,anonymized_sample
664,2026-02-19 04:25:01-05:00,105.0,105.0,21.0,21.0,-76.0,-79.0,137M,137.0,anonymized_sample
665,2026-02-19 05:20:01-05:00,105.0,104.0,21.0,21.0,-76.0,-79.0,137M,137.0,anonymized_sample
666,2026-02-19 06:15:01-05:00,105.0,104.0,21.0,21.0,-76.0,-78.0,137M,137.0,anonymized_sample
667,2026-02-19 07:08:01-05:00,105.0,104.0,20.0,21.0,-76.0,-77.0,137M,137.0,anonymized_sample
668,2026-02-19 07:59:01-05:00,105.0,105.0,20.0,21.0,-76.0,-77.0,137M,137.0,anonymized_sample
669,2026-02-19 08:50:01-05:00,105.0,104.0,21.0,20.0,-76.0,-78.0,137M,137.0,anonymized_sample
670,2026-02-19 09:36:01-05:00,104.0,104.0,21.0,19.0,-76.0,-79.0,103M,103.0,anonymized_sample
671,2026-02-19 10:21:01-05:00,104.0,104.0,21.0,20.0,-76.0,-78.0,103M,103.0,anonymized_sample
672,2026-02-19 11:08:01-05:00,104.0,104.0,21.0,20.0,-76.0,-78.0,103M,103.0,anonymized_sample
673,2026-02-19 11:57:01-05:00,105.0,104.0,20.0,20.0,-78.0,-78.0,137M,137.0,anonymized_sample
674,2026-02-19 12:42:01-05:00,105.0,105.0,20.0,21.0,-78.0,-77.0,137M,137.0,anonymized_sample
675,2026-02-19 13:28:01-05:00,104.0,105.0,20.0,21.0,-78.0,-77.0,103M,103.0,anonymized_sample
676,2026-02-19 14:17:01-05:00,104.0,105.0,20.0,22.0,-76.0,-76.0,103M,103.0,anonymized_sample
677,2026-02-19 15:06:01-05:00,105.0,104.0,21.0,23.0,-76.0,-75.0,137M,137.0,anonymized_sample
678,2026-02-19 15:53:01-05:00,105.0,105.0,21.0,23.0,-77.0,-75.0,137M,137.0,anonymized_sample
679,2026-02-19 16:43:01-05:00,105.0,105.0,21.0,22.0,-76.0,-76.0,137M,137.0,anonymized_sample
680,2026-02-19 17:31:01-05:00,106.0,105.0,21.0,22.0,-76.0,-76.0,154M,154.0,anonymized_sample
681,2026-02-19 18:22:01-05:00,105.0,104.0,21.0,22.0,-76.0,-76.0,137M,137.0,anonymized_sample
682,2026-02-19 19:19:01-05:00,105.0,105.0,21.0,21.0,-76.0,-77.0,137M,137.0,anonymized_sample
683,2026-02-19 20:14:01-05:00,105.0,105.0,22.0,22.0,-76.0,-76.0,137M,137.0,anonymized_sample
684,2026-02-19 21:04:01-05:00,105.0,105.0,20.0,22.0,-77.0,-76.0,137M,137.0,anonymized_sample
685,2026-02-19 21:53:01-05:00,105.0,102.0,22.0,22.0,-74.0,-75.0,137M,137.0,anonymized_sample
686,2026-02-19 22:47:01-05:00,106.0,105.0,21.0,22.0,-75.0,-76.0,154M,154.0,anonymized_sample
687,2026-02-19 23:44:01-05:00,105.0,105.0,20.0,21.0,-76.0,-77.0,137M,137.0,anonymized_sample
688,2026-02-20 00:36:01-05:00,106.0,105.0,21.0,22.0,-75.0,-76.0,154M,154.0,anonymized_sample
689,2026-02-20 01:27:01-05:00,105.0,105.0,21.0,22.0,-75.0,-76.0,137M,137.0,anonymized_sample
690,2026-02-20 02:14:01-05:00,105.0,105.0,21.0,23.0,-77.0,-75.0,137M,137.0,anonymized_sample
691,2026-02-20 03:04:01-05:00,105.0,105.0,21.0,21.0,-75.0,-77.0,137M,137.0,anonymized_sample
692,2026-02-20 03:56:01-05:00,106.0,105.0,21.0,22.0,-76.0,-76.0,77M,77.0,anonymized_sample
693,2026-02-20 04:47:01-05:00,105.0,105.0,21.0,21.0,-76.0,-77.0,137M,137.0,anonymized_sample
694,2026-02-20 05:39:01-05:00,105.0,104.0,21.0,21.0,-75.0,-77.0,137M,137.0,anonymized_sample
695,2026-02-20 06:31:01-05:00,105.0,105.0,21.0,20.0,-76.0,-78.0,137M,137.0,anonymized_sample
696,2026-02-20 07:26:01-05:00,105.0,105.0,21.0,21.0,-76.0,-77.0,137M,137.0,anonymized_sample
697,2026-02-20 08:20:01-05:00,105.0,105.0,22.0,22.0,-75.0,-76.0,137M,137.0,anonymized_sample
698,2026-02-20 09:11:01-05:00,105.0,105.0,21.0,22.0,-76.0,-76.0,137M,137.0,anonymized_sample
699,2026-02-20 10:00:01-05:00,104.0,104.0,21.0,22.0,-76.0,-76.0,103M,103.0,anonymized_sample
700,2026-02-20 10:49:01-05:00,105.0,104.0,20.0,21.0,-77.0,-79.0,137M,137.0,anonymized_sample
701,2026-02-20 11:36:01-05:00,105.0,105.0,21.0,21.0,-75.0,-77.0,137M,137.0,anonymized_sample
702,2026-02-20 12:29:01-05:00,105.0,105.0,21.0,22.0,-75.0,-76.0,137M,137.0,anonymized_sample
703,2026-02-20 13:17:01-05:00,105.0,105.0,21.0,22.0,-75.0,-78.0,137M,137.0,anonymized_sample
704,2026-02-20 14:14:01-05:00,105.0,105.0,21.0,23.0,-76.0,-75.0,137M,137.0,anonymized_sample
705,2026-02-20 15:00:01-05:00,104.0,105.0,21.0,22.0,-77.0,-76.0,103M,103.0,anonymized_sample
706,2026-02-20 15:51:01-05:00,106.0,105.0,21.0,23.0,-76.0,-75.0,154M,154.0,anonymized_sample
707,2026-02-20 16:42:01-05:00,105.0,105.0,21.0,23.0,-76.0,-75.0,137M,137.0,anonymized_sample
708,2026-02-20 17:31:01-05:00,105.0,104.0,21.0,22.0,-75.0,-76.0,137M,137.0,anonymized_sample
709,2026-02-20 18:25:01-05:00,104.0,104.0,21.0,19.0,-77.0,-79.0,103M,103.0,anonymized_sample
710,2026-02-20 19:12:01-05:00,105.0,104.0,21.0,22.0,-77.0,-76.0,137M,137.0,anonymized_sample
711,2026-02-20 19:59:01-05:00,104.0,105.0,21.0,23.0,-77.0,-76.0,103M,103.0,anonymized_sample
712,2026-02-20 20:49:01-05:00,105.0,105.0,21.0,22.0,-76.0,-76.0,137M,137.0,anonymized_sample
713,2026-02-20 21:44:01-05:00,105.0,104.0,21.0,21.0,-76.0,-77.0,137M,137.0,anonymized_sample
714,2026-02-20 22:41:01-05:00,104.0,105.0,21.0,21.0,-76.0,-77.0,103M,103.0,anonymized_sample
715,2026-02-20 23:40:01-05:00,105.0,104.0,20.0,21.0,-77.0,-77.0,137M,137.0,anonymized_sample
716,2026-02-21 00:32:01-05:00,105.0,104.0,19.0,21.0,-77.0,-77.0,137M,137.0,anonymized_sample
717,2026-02-21 01:25:01-05:00,105.0,105.0,19.0,22.0,-77.0,-76.0,137M,137.0,anonymized_sample
718,2026-02-21 02:14:01-05:00,105.0,105.0,19.0,22.0,-78.0,-77.0,137M,137.0,anonymized_sample
719,2026-02-21 03:01:01-05:00,105.0,105.0,20.0,21.0,-76.0,-77.0,137M,137.0,anonymized_sample
720,2026-02-21 03:52:01-05:00,105.0,104.0,20.0,20.0,-76.0,-78.0,137M,137.0,anonymized_sample
721,2026-02-21 04:42:01-05:00,105.0,104.0,20.0,20.0,-76.0,-79.0,137M,137.0,anonymized_sample
722,2026-02-21 05:36:01-05:00,105.0,104.0,19.0,20.0,-77.0,-78.0,137M,137.0,anonymized_sample
723,2026-02-21 06:28:02-05:00,105.0,105.0,19.0,21.0,-77.0,-79.0,137M,137.0,anonymized_sample
724,2026-02-21 07:19:01-05:00,105.0,105.0,20.0,21.0,-77.0,-77.0,137M,137.0,anonymized_sample
725,2026-02-21 08:06:01-05:00,105.0,105.0,20.0,21.0,-77.0,-78.0,137M,137.0,anonymized_sample
726,2026-02-21 08:51:01-05:00,105.0,104.0,20.0,21.0,-77.0,-77.0,137M,137.0,anonymized_sample
727,2026-02-21 09:38:01-05:00,105.0,104.0,20.0,21.0,-76.0,-77.0,137M,137.0,anonymized_sample
728,2026-02-21 10:22:01-05:00,105.0,104.0,19.0,21.0,-78.0,-77.0,137M,137.0,anonymized_sample
729,2026-02-21 11:10:01-05:00,105.0,104.0,20.0,21.0,-78.0,-78.0,137M,137.0,anonymized_sample
730,2026-02-21 12:03:01-05:00,105.0,104.0,20.0,22.0,-76.0,-76.0,137M,137.0,anonymized_sample
731,2026-02-21 12:48:01-05:00,105.0,105.0,21.0,21.0,-76.0,-77.0,137M,137.0,anonymized_sample
732,2026-02-21 13:38:01-05:00,105.0,105.0,20.0,22.0,-76.0,-78.0,137M,137.0,anonymized_sample
733,2026-02-21 14:33:01-05:00,105.0,105.0,21.0,22.0,-76.0,-76.0,137M,137.0,anonymized_sample
734,2026-02-21 15:24:01-05:00,106.0,105.0,21.0,24.0,-76.0,-74.0,154M,154.0,anonymized_sample
735,2026-02-21 16:15:01-05:00,105.0,105.0,21.0,21.0,-77.0,-77.0,137M,137.0,anonymized_sample
736,2026-02-21 17:06:01-05:00,105.0,105.0,21.0,23.0,-77.0,-75.0,137M,137.0,anonymized_sample
737,2026-02-21 18:00:01-05:00,105.0,105.0,21.0,23.0,-75.0,-75.0,137M,137.0,anonymized_sample
738,2026-02-21 18:53:01-05:00,106.0,105.0,21.0,23.0,-75.0,-75.0,154M,154.0,anonymized_sample
739,2026-02-21 19:43:01-05:00,106.0,105.0,21.0,22.0,-75.0,-76.0,154M,154.0,anonymized_sample
740,2026-02-21 20:32:01-05:00,105.0,105.0,20.0,23.0,-76.0,-75.0,137M,137.0,anonymized_sample
741,2026-02-21 21:24:01-05:00,106.0,105.0,20.0,22.0,-78.0,-76.0,154M,154.0,anonymized_sample
742,2026-02-21 22:16:01-05:00,105.0,104.0,20.0,19.0,-76.0,-79.0,137M,137.0,anonymized_sample
743,2026-02-21 23:05:01-05:00,105.0,105.0,19.0,20.0,-77.0,-78.0,137M,137.0,anonymized_sample
744,2026-02-21 23:54:01-05:00,106.0,105.0,19.0,22.0,-77.0,-77.0,77M,77.0,anonymized_sample
745,2026-02-22 00:39:01-05:00,105.0,105.0,19.0,22.0,-77.0,-76.0,137M,137.0,anonymized_sample
746,2026-02-22 01:27:01-05:00,105.0,104.0,19.0,21.0,-77.0,-77.0,137M,137.0,anonymized_sample
747,2026-02-22 02:17:01-05:00,105.0,105.0,20.0,22.0,-77.0,-76.0,137M,137.0,anonymized_sample
748,2026-02-22 03:05:01-05:00,105.0,104.0,19.0,22.0,-77.0,-77.0,137M,137.0,anonymized_sample
749,2026-02-22 03:54:01-05:00,104.0,104.0,20.0,22.0,-76.0,-77.0,103M,103.0,anonymized_sample
750,2026-02-22 04:45:01-05:00,105.0,105.0,21.0,22.0,-76.0,-77.0,137M,137.0,anonymized_sample
751,2026-02-22 05:33:01-05:00,105.0,105.0,21.0,22.0,-76.0,-76.0,137M,137.0,anonymized_sample
752,2026-02-22 06:27:01-05:00,105.0,105.0,21.0,22.0,-76.0,-77.0,137M,137.0,anonymized_sample
753,2026-02-22 07:13:01-05:00,105.0,105.0,20.0,22.0,-76.0,-76.0,137M,137.0,anonymized_sample
754,2026-02-22 08:00:01-05:00,104.0,105.0,20.0,22.0,-76.0,-76.0,103M,103.0,anonymized_sample
755,2026-02-22 08:48:01-05:00,105.0,104.0,20.0,22.0,-76.0,-76.0,137M,137.0,anonymized_sample
756,2026-02-22 09:35:01-05:00,104.0,104.0,19.0,21.0,-77.0,-77.0,103M,103.0,anonymized_sample
757,2026-02-22 10:23:01-05:00,105.0,105.0,20.0,21.0,-76.0,-78.0,137M,137.0,anonymized_sample
758,2026-02-22 11:11:01-05:00,105.0,105.0,19.0,22.0,-77.0,-76.0,137M,137.0,anonymized_sample
759,2026-02-22 11:59:01-05:00,105.0,105.0,21.0,22.0,-76.0,-77.0,137M,137.0,anonymized_sample
760,2026-02-22 12:49:02-05:00,105.0,105.0,21.0,22.0,-77.0,-76.0,137M,137.0,anonymized_sample
761,2026-02-22 13:46:01-05:00,106.0,105.0,21.0,22.0,-76.0,-76.0,154M,154.0,anonymized_sample
762,2026-02-22 14:40:01-05:00,105.0,105.0,21.0,21.0,-77.0,-77.0,137M,137.0,anonymized_sample
763,2026-02-22 15:31:02-05:00,105.0,105.0,20.0,22.0,-78.0,-76.0,137M,137.0,anonymized_sample
764,2026-02-22 16:25:01-05:00,104.0,104.0,20.0,22.0,-76.0,-77.0,103M,103.0,anonymized_sample
765,2026-02-22 17:15:01-05:00,105.0,105.0,21.0,21.0,-75.0,-79.0,137M,137.0,anonymized_sample
766,2026-02-22 18:02:02-05:00,104.0,105.0,19.0,21.0,-79.0,-77.0,103M,103.0,anonymized_sample
767,2026-02-22 18:54:01-05:00,105.0,105.0,19.0,20.0,-79.0,-78.0,137M,137.0,anonymized_sample
768,2026-02-22 19:46:01-05:00,105.0,104.0,19.0,20.0,-79.0,-78.0,137M,137.0,anonymized_sample
769,2026-02-22 20:33:01-05:00,105.0,104.0,19.0,20.0,-79.0,-78.0,137M,137.0,anonymized_sample
770,2026-02-22 21:23:02-05:00,105.0,104.0,19.0,20.0,-79.0,-78.0,137M,137.0,anonymized_sample
771,2026-02-22 22:15:01-05:00,105.0,104.0,20.0,21.0,-78.0,-77.0,137M,137.0,anonymized_sample
772,2026-02-22 23:04:01-05:00,105.0,104.0,19.0,20.0,-77.0,-78.0,137M,137.0,anonymized_sample
773,2026-02-22 23:55:01-05:00,105.0,105.0,20.0,21.0,-76.0,-77.0,137M,137.0,anonymized_sample
774,2026-02-23 00:48:01-05:00,105.0,104.0,20.0,20.0,-76.0,-78.0,137M,137.0,anonymized_sample
775,2026-02-23 01:39:01-05:00,105.0,105.0,20.0,21.0,-76.0,-77.0,137M,137.0,anonymized_sample
776,2026-02-23 02:31:01-05:00,105.0,104.0,20.0,20.0,-76.0,-78.0,137M,137.0,anonymized_sample
777,2026-02-23 03:29:01-05:00,105.0,105.0,20.0,21.0,-76.0,-77.0,137M,137.0,anonymized_sample
778,2026-02-23 04:22:01-05:00,105.0,104.0,20.0,21.0,-76.0,-79.0,137M,137.0,anonymized_sample
779,2026-02-23 05:11:01-05:00,105.0,105.0,20.0,21.0,-76.0,-77.0,137M,137.0,anonymized_sample
780,2026-02-23 06:07:01-05:00,105.0,104.0,20.0,20.0,-78.0,-78.0,137M,137.0,anonymized_sample
781,2026-02-23 07:02:01-05:00,105.0,104.0,20.0,21.0,-76.0,-77.0,137M,137.0,anonymized_sample
782,2026-02-23 07:55:01-05:00,105.0,104.0,20.0,20.0,-78.0,-78.0,137M,137.0,anonymized_sample
783,2026-02-23 08:41:01-05:00,105.0,105.0,19.0,21.0,-79.0,-77.0,137M,137.0,anonymized_sample
784,2026-02-23 09:27:01-05:00,105.0,105.0,20.0,22.0,-78.0,-78.0,137M,137.0,anonymized_sample
785,2026-02-23 10:15:01-05:00,105.0,105.0,20.0,21.0,-78.0,-77.0,137M,137.0,anonymized_sample
786,2026-02-23 11:07:01-05:00,105.0,105.0,21.0,22.0,-75.0,-76.0,137M,137.0,anonymized_sample
787,2026-02-23 11:58:01-05:00,105.0,105.0,21.0,21.0,-77.0,-77.0,137M,137.0,anonymized_sample
788,2026-02-23 12:51:01-05:00,105.0,105.0,21.0,21.0,-75.0,-77.0,137M,137.0,anonymized_sample
789,2026-02-23 13:41:01-05:00,105.0,105.0,21.0,21.0,-76.0,-77.0,137M,137.0,anonymized_sample
790,2026-02-23 14:30:01-05:00,104.0,104.0,20.0,22.0,-77.0,-76.0,103M,103.0,anonymized_sample
791,2026-02-23 15:18:01-05:00,105.0,104.0,20.0,22.0,-77.0,-76.0,137M,137.0,anonymized_sample
792,2026-02-23 16:08:01-05:00,105.0,104.0,19.0,20.0,-77.0,-78.0,137M,137.0,anonymized_sample
793,2026-02-23 16:54:01-05:00,105.0,104.0,20.0,22.0,-76.0,-77.0,137M,137.0,anonymized_sample
794,2026-02-23 17:42:01-05:00,105.0,105.0,21.0,22.0,-75.0,-76.0,137M,137.0,anonymized_sample
795,2026-02-23 18:33:01-05:00,105.0,104.0,20.0,22.0,-77.0,-76.0,137M,137.0,anonymized_sample
796,2026-02-23 19:26:01-05:00,105.0,104.0,20.0,21.0,-77.0,-78.0,137M,137.0,anonymized_sample
797,2026-02-23 20:14:01-05:00,105.0,104.0,20.0,21.0,-77.0,-78.0,137M,137.0,anonymized_sample
798,2026-02-23 21:03:01-05:00,105.0,104.0,20.0,21.0,-77.0,-77.0,137M,137.0,anonymized_sample
799,2026-02-23 22:01:01-05:00,105.0,104.0,20.0,20.0,-77.0,-78.0,137M,137.0,anonymized_sample
800,2026-02-23 22:56:01-05:00,105.0,105.0,20.0,20.0,-77.0,-78.0,137M,137.0,anonymized_sample
801,2026-02-23 23:48:01-05:00,105.0,104.0,20.0,20.0,-77.0,-78.0,137M,137.0,anonymized_sample
802,2026-02-24 00:42:01-05:00,105.0,104.0,19.0,19.0,-77.0,-81.0,137M,137.0,anonymized_sample
803,2026-02-24 01:42:01-05:00,105.0,104.0,19.0,20.0,-77.0,-78.0,137M,137.0,anonymized_sample
804,2026-02-24 02:40:01-05:00,105.0,104.0,20.0,19.0,-77.0,-79.0,137M,137.0,anonymized_sample
805,2026-02-24 03:36:01-05:00,105.0,104.0,20.0,21.0,-77.0,-79.0,137M,137.0,anonymized_sample
806,2026-02-24 04:29:01-05:00,105.0,105.0,20.0,21.0,-76.0,-79.0,137M,137.0,anonymized_sample
807,2026-02-24 05:23:01-05:00,105.0,105.0,21.0,21.0,-75.0,-77.0,137M,137.0,anonymized_sample
808,2026-02-24 06:15:01-05:00,105.0,104.0,21.0,21.0,-76.0,-79.0,137M,137.0,anonymized_sample
809,2026-02-24 07:11:01-05:00,105.0,105.0,21.0,21.0,-77.0,-77.0,137M,137.0,anonymized_sample
810,2026-02-24 08:03:01-05:00,105.0,104.0,21.0,20.0,-76.0,-78.0,137M,137.0,anonymized_sample
811,2026-02-24 08:55:01-05:00,104.0,105.0,20.0,21.0,-78.0,-77.0,103M,103.0,anonymized_sample
812,2026-02-24 09:46:01-05:00,106.0,105.0,20.0,22.0,-78.0,-76.0,154M,154.0,anonymized_sample
813,2026-02-24 10:42:01-05:00,105.0,105.0,21.0,21.0,-77.0,-77.0,137M,137.0,anonymized_sample
814,2026-02-24 11:30:01-05:00,104.0,105.0,21.0,22.0,-75.0,-76.0,103M,103.0,anonymized_sample
815,2026-02-24 12:17:01-05:00,105.0,105.0,22.0,22.0,-76.0,-76.0,137M,137.0,anonymized_sample
816,2026-02-24 13:05:01-05:00,106.0,105.0,22.0,22.0,-75.0,-76.0,154M,154.0,anonymized_sample
817,2026-02-24 13:53:01-05:00,106.0,105.0,22.0,23.0,-74.0,-75.0,154M,154.0,anonymized_sample
818,2026-02-24 14:40:01-05:00,105.0,105.0,21.0,22.0,-75.0,-76.0,137M,137.0,anonymized_sample
819,2026-02-24 15:30:01-05:00,105.0,105.0,22.0,22.0,-74.0,-76.0,137M,137.0,anonymized_sample
820,2026-02-24 16:17:01-05:00,105.0,105.0,22.0,23.0,-76.0,-75.0,137M,137.0,anonymized_sample
821,2026-02-24 17:07:01-05:00,105.0,105.0,22.0,23.0,-75.0,-75.0,137M,137.0,anonymized_sample
822,2026-02-24 17:56:01-05:00,102.0,105.0,21.0,22.0,-77.0,-76.0,51M,51.0,anonymized_sample
823,2026-02-24 18:49:01-05:00,105.0,105.0,21.0,23.0,-75.0,-75.0,137M,137.0,anonymized_sample
824,2026-02-24 19:40:01-05:00,105.0,105.0,22.0,23.0,-74.0,-75.0,137M,137.0,anonymized_sample
825,2026-02-24 20:33:01-05:00,106.0,105.0,22.0,23.0,-75.0,-75.0,154M,154.0,anonymized_sample
826,2026-02-24 21:26:01-05:00,105.0,105.0,22.0,23.0,-76.0,-75.0,137M,137.0,anonymized_sample
827,2026-02-24 22:18:01-05:00,106.0,104.0,22.0,22.0,-74.0,-76.0,154M,154.0,anonymized_sample
828,2026-02-24 23:08:01-05:00,106.0,105.0,22.0,23.0,-74.0,-77.0,154M,154.0,anonymized_sample
829,2026-02-25 00:02:01-05:00,105.0,105.0,22.0,23.0,-74.0,-75.0,137M,137.0,anonymized_sample
830,2026-02-25 00:52:02-05:00,105.0,105.0,21.0,21.0,-75.0,-77.0,137M,137.0,anonymized_sample
831,2026-02-25 01:41:01-05:00,106.0,105.0,21.0,22.0,-76.0,-76.0,77M,77.0,anonymized_sample
832,2026-02-25 02:35:01-05:00,105.0,105.0,22.0,23.0,-75.0,-77.0,137M,137.0,anonymized_sample
833,2026-02-25 03:26:01-05:00,105.0,105.0,22.0,22.0,-76.0,-76.0,137M,137.0,anonymized_sample
834,2026-02-25 04:15:01-05:00,106.0,105.0,22.0,22.0,-76.0,-76.0,154M,154.0,anonymized_sample
835,2026-02-25 05:06:01-05:00,105.0,105.0,22.0,22.0,-76.0,-76.0,137M,137.0,anonymized_sample
836,2026-02-25 05:56:01-05:00,106.0,105.0,22.0,22.0,-75.0,-78.0,154M,154.0,anonymized_sample
837,2026-02-25 06:47:01-05:00,106.0,105.0,22.0,23.0,-75.0,-75.0,154M,154.0,anonymized_sample
838,2026-02-25 07:36:01-05:00,106.0,105.0,21.0,22.0,-77.0,-76.0,154M,154.0,anonymized_sample
839,2026-02-25 08:26:01-05:00,105.0,105.0,22.0,22.0,-74.0,-76.0,137M,137.0,anonymized_sample
840,2026-02-25 09:16:01-05:00,106.0,105.0,21.0,22.0,-75.0,-76.0,154M,154.0,anonymized_sample
841,2026-02-25 10:04:01-05:00,106.0,105.0,21.0,22.0,-76.0,-76.0,154M,154.0,anonymized_sample
842,2026-02-25 10:51:01-05:00,106.0,104.0,21.0,22.0,-76.0,-76.0,154M,154.0,anonymized_sample
843,2026-02-25 11:42:01-05:00,104.0,105.0,21.0,22.0,-75.0,-76.0,103M,103.0,anonymized_sample
844,2026-02-25 12:31:01-05:00,105.0,105.0,21.0,22.0,-77.0,-78.0,137M,137.0,anonymized_sample
845,2026-02-25 13:19:01-05:00,105.0,105.0,20.0,23.0,-77.0,-75.0,137M,137.0,anonymized_sample
846,2026-02-25 14:10:01-05:00,104.0,104.0,21.0,23.0,-76.0,-75.0,103M,103.0,anonymized_sample
847,2026-02-25 14:54:01-05:00,105.0,104.0,21.0,21.0,-75.0,-78.0,137M,137.0,anonymized_sample
848,2026-02-25 15:46:01-05:00,105.0,104.0,21.0,21.0,-75.0,-79.0,137M,137.0,anonymized_sample
849,2026-02-25 16:38:01-05:00,105.0,104.0,21.0,21.0,-76.0,-77.0,137M,137.0,anonymized_sample
850,2026-02-25 17:31:01-05:00,105.0,104.0,21.0,19.0,-76.0,-79.0,137M,137.0,anonymized_sample
851,2026-02-25 18:23:01-05:00,105.0,104.0,20.0,21.0,-76.0,-79.0,137M,137.0,anonymized_sample
852,2026-02-25 19:18:01-05:00,104.0,104.0,20.0,21.0,-76.0,-77.0,103M,103.0,anonymized_sample
853,2026-02-25 20:08:01-05:00,105.0,104.0,20.0,21.0,-76.0,-77.0,137M,137.0,anonymized_sample
854,2026-02-25 20:56:01-05:00,105.0,104.0,19.0,21.0,-77.0,-77.0,137M,137.0,anonymized_sample
855,2026-02-25 21:43:01-05:00,105.0,105.0,19.0,21.0,-78.0,-77.0,137M,137.0,anonymized_sample
856,2026-02-25 22:38:01-05:00,104.0,104.0,20.0,20.0,-76.0,-78.0,103M,103.0,anonymized_sample
857,2026-02-25 23:39:01-05:00,104.0,104.0,20.0,18.0,-76.0,-80.0,103M,103.0,anonymized_sample
858,2026-02-26 00:30:01-05:00,104.0,104.0,20.0,18.0,-76.0,-82.0,103M,103.0,anonymized_sample
859,2026-02-26 01:24:01-05:00,105.0,104.0,19.0,20.0,-77.0,-78.0,137M,137.0,anonymized_sample
860,2026-02-26 02:18:01-05:00,105.0,104.0,19.0,21.0,-77.0,-78.0,137M,137.0,anonymized_sample
861,2026-02-26 03:05:01-05:00,105.0,104.0,19.0,20.0,-77.0,-79.0,137M,137.0,anonymized_sample
862,2026-02-26 03:58:01-05:00,104.0,105.0,19.0,20.0,-77.0,-79.0,103M,103.0,anonymized_sample
863,2026-02-26 04:47:01-05:00,104.0,104.0,19.0,18.0,-78.0,-80.0,103M,103.0,anonymized_sample
864,2026-02-26 05:39:01-05:00,104.0,104.0,19.0,21.0,-78.0,-78.0,103M,103.0,anonymized_sample
865,2026-02-26 06:22:01-05:00,105.0,104.0,19.0,21.0,-77.0,-77.0,137M,137.0,anonymized_sample
866,2026-02-26 07:07:01-05:00,105.0,105.0,20.0,22.0,-76.0,-77.0,137M,137.0,anonymized_sample
867,2026-02-26 07:52:01-05:00,105.0,104.0,19.0,22.0,-77.0,-77.0,137M,137.0,anonymized_sample
868,2026-02-26 08:39:01-05:00,105.0,105.0,19.0,21.0,-77.0,-77.0,137M,137.0,anonymized_sample
869,2026-02-26 09:27:01-05:00,105.0,104.0,20.0,21.0,-77.0,-77.0,137M,137.0,anonymized_sample
870,2026-02-26 10:15:01-05:00,104.0,104.0,20.0,21.0,-78.0,-77.0,103M,103.0,anonymized_sample
871,2026-02-26 11:03:02-05:00,105.0,104.0,20.0,21.0,-78.0,-77.0,137M,137.0,anonymized_sample
872,2026-02-26 11:49:01-05:00,105.0,105.0,21.0,22.0,-75.0,-76.0,137M,137.0,anonymized_sample
873,2026-02-26 12:35:01-05:00,105.0,105.0,21.0,22.0,-77.0,-76.0,137M,137.0,anonymized_sample
874,2026-02-26 13:25:01-05:00,104.0,105.0,21.0,22.0,-75.0,-76.0,103M,103.0,anonymized_sample
875,2026-02-26 14:10:01-05:00,105.0,104.0,20.0,22.0,-77.0,-76.0,154M,154.0,anonymized_sample
876,2026-02-26 14:58:01-05:00,106.0,105.0,23.0,22.0,-73.0,-76.0,154M,154.0,anonymized_sample
877,2026-02-26 15:40:01-05:00,105.0,105.0,21.0,22.0,-77.0,-76.0,137M,137.0,anonymized_sample
878,2026-02-26 16:23:01-05:00,105.0,105.0,21.0,23.0,-75.0,-75.0,137M,137.0,anonymized_sample
879,2026-02-26 17:12:02-05:00,105.0,105.0,21.0,22.0,-77.0,-76.0,137M,137.0,anonymized_sample
880,2026-02-26 18:01:01-05:00,105.0,105.0,21.0,23.0,-75.0,-75.0,137M,137.0,anonymized_sample
881,2026-02-26 18:51:01-05:00,106.0,105.0,22.0,23.0,-76.0,-75.0,154M,154.0,anonymized_sample
882,2026-02-26 19:40:01-05:00,105.0,105.0,21.0,23.0,-75.0,-75.0,137M,137.0,anonymized_sample
883,2026-02-26 20:31:01-05:00,105.0,105.0,21.0,22.0,-76.0,-76.0,137M,137.0,anonymized_sample
884,2026-02-26 21:17:01-05:00,105.0,105.0,21.0,23.0,-75.0,-75.0,137M,137.0,anonymized_sample
885,2026-02-26 22:05:01-05:00,105.0,105.0,21.0,23.0,-75.0,-75.0,137M,137.0,anonymized_sample
886,2026-02-26 22:57:01-05:00,104.0,105.0,21.0,22.0,-75.0,-76.0,103M,103.0,anonymized_sample
887,2026-02-26 23:50:01-05:00,105.0,105.0,21.0,23.0,-75.0,-75.0,137M,137.0,anonymized_sample
888,2026-02-27 00:43:01-05:00,106.0,105.0,22.0,23.0,-74.0,-75.0,154M,154.0,anonymized_sample
889,2026-02-27 01:37:01-05:00,105.0,105.0,21.0,23.0,-75.0,-77.0,137M,137.0,anonymized_sample
890,2026-02-27 02:27:01-05:00,106.0,105.0,21.0,22.0,-77.0,-76.0,154M,154.0,anonymized_sample
891,2026-02-27 03:22:01-05:00,106.0,105.0,22.0,22.0,-74.0,-76.0,154M,154.0,anonymized_sample
892,2026-02-27 04:16:01-05:00,106.0,105.0,22.0,23.0,-76.0,-75.0,154M,154.0,anonymized_sample
893,2026-02-27 05:11:01-05:00,105.0,105.0,22.0,23.0,-74.0,-75.0,137M,137.0,anonymized_sample
894,2026-02-27 06:07:01-05:00,105.0,105.0,22.0,23.0,-74.0,-75.0,137M,137.0,anonymized_sample
895,2026-02-27 07:02:01-05:00,106.0,105.0,22.0,22.0,-74.0,-76.0,154M,154.0,anonymized_sample
896,2026-02-27 07:49:01-05:00,105.0,105.0,22.0,22.0,-75.0,-76.0,137M,137.0,anonymized_sample
897,2026-02-27 08:38:01-05:00,105.0,105.0,21.0,22.0,-75.0,-76.0,137M,137.0,anonymized_sample
898,2026-02-27 09:28:01-05:00,105.0,105.0,21.0,22.0,-75.0,-76.0,137M,137.0,anonymized_sample
899,2026-02-27 10:11:01-05:00,106.0,105.0,21.0,23.0,-75.0,-77.0,154M,154.0,anonymized_sample
900,2026-02-27 10:57:01-05:00,106.0,105.0,21.0,22.0,-75.0,-76.0,154M,154.0,anonymized_sample
901,2026-02-27 11:41:01-05:00,106.0,104.0,21.0,22.0,-77.0,-76.0,154M,154.0,anonymized_sample
902,2026-02-27 12:27:01-05:00,105.0,105.0,21.0,22.0,-77.0,-76.0,137M,137.0,anonymized_sample
903,2026-02-27 13:15:02-05:00,105.0,105.0,21.0,22.0,-75.0,-76.0,137M,137.0,anonymized_sample
904,2026-02-27 14:07:01-05:00,104.0,104.0,22.0,22.0,-76.0,-76.0,103M,103.0,anonymized_sample
905,2026-02-27 14:49:01-05:00,105.0,105.0,22.0,22.0,-76.0,-76.0,137M,137.0,anonymized_sample
906,2026-02-27 15:37:01-05:00,104.0,105.0,21.0,22.0,-76.0,-78.0,103M,103.0,anonymized_sample
907,2026-02-27 16:25:01-05:00,105.0,105.0,21.0,23.0,-75.0,-75.0,137M,137.0,anonymized_sample
908,2026-02-27 17:15:01-05:00,105.0,105.0,22.0,22.0,-76.0,-76.0,137M,137.0,anonymized_sample
909,2026-02-27 18:04:01-05:00,105.0,105.0,20.0,22.0,-77.0,-76.0,137M,137.0,anonymized_sample
910,2026-02-27 18:52:01-05:00,105.0,105.0,21.0,22.0,-76.0,-76.0,137M,137.0,anonymized_sample
911,2026-02-27 19:40:01-05:00,104.0,105.0,21.0,22.0,-77.0,-76.0,103M,103.0,anonymized_sample
912,2026-02-27 20:29:01-05:00,105.0,105.0,21.0,23.0,-77.0,-75.0,137M,137.0,anonymized_sample
913,2026-02-27 21:16:01-05:00,106.0,105.0,20.0,22.0,-77.0,-76.0,154M,154.0,anonymized_sample
914,2026-02-27 22:06:01-05:00,105.0,104.0,22.0,22.0,-75.0,-76.0,137M,137.0,anonymized_sample
915,2026-02-27 22:57:01-05:00,106.0,105.0,21.0,23.0,-77.0,-75.0,154M,154.0,anonymized_sample
916,2026-02-27 23:50:01-05:00,106.0,105.0,21.0,23.0,-75.0,-75.0,154M,154.0,anonymized_sample
917,2026-02-28 00:47:01-05:00,105.0,105.0,21.0,23.0,-77.0,-75.0,137M,137.0,anonymized_sample
918,2026-02-28 01:41:01-05:00,105.0,105.0,21.0,23.0,-75.0,-75.0,137M,137.0,anonymized_sample
919,2026-02-28 02:33:01-05:00,105.0,105.0,21.0,22.0,-75.0,-76.0,137M,137.0,anonymized_sample
920,2026-02-28 03:23:01-05:00,105.0,105.0,21.0,23.0,-75.0,-75.0,137M,137.0,anonymized_sample
921,2026-02-28 04:14:01-05:00,105.0,105.0,21.0,22.0,-77.0,-78.0,137M,137.0,anonymized_sample
922,2026-02-28 05:03:01-05:00,106.0,105.0,21.0,23.0,-75.0,-75.0,154M,154.0,anonymized_sample
923,2026-02-28 05:54:01-05:00,106.0,105.0,21.0,22.0,-75.0,-76.0,154M,154.0,anonymized_sample
924,2026-02-28 06:47:01-05:00,106.0,105.0,21.0,22.0,-75.0,-76.0,154M,154.0,anonymized_sample
925,2026-02-28 07:40:01-05:00,105.0,105.0,22.0,22.0,-76.0,-76.0,137M,137.0,anonymized_sample
926,2026-02-28 08:33:01-05:00,105.0,105.0,21.0,22.0,-76.0,-76.0,137M,137.0,anonymized_sample
927,2026-02-28 09:20:01-05:00,106.0,105.0,23.0,22.0,-75.0,-76.0,154M,154.0,anonymized_sample
928,2026-02-28 10:07:01-05:00,106.0,105.0,22.0,22.0,-76.0,-78.0,154M,154.0,anonymized_sample
929,2026-02-28 10:56:02-05:00,106.0,104.0,22.0,23.0,-76.0,-75.0,154M,154.0,anonymized_sample
930,2026-02-28 11:46:01-05:00,105.0,105.0,21.0,22.0,-76.0,-76.0,137M,137.0,anonymized_sample
931,2026-02-28 12:32:01-05:00,105.0,105.0,20.0,22.0,-76.0,-76.0,137M,137.0,anonymized_sample
932,2026-02-28 13:19:01-05:00,104.0,104.0,21.0,21.0,-75.0,-77.0,103M,103.0,anonymized_sample
933,2026-02-28 14:08:01-05:00,105.0,105.0,20.0,21.0,-77.0,-77.0,137M,137.0,anonymized_sample
934,2026-02-28 14:57:01-05:00,104.0,104.0,19.0,20.0,-79.0,-78.0,103M,103.0,anonymized_sample
935,2026-02-28 15:45:01-05:00,105.0,105.0,19.0,21.0,-79.0,-77.0,137M,137.0,anonymized_sample
936,2026-02-28 16:31:01-05:00,105.0,105.0,20.0,23.0,-78.0,-77.0,137M,137.0,anonymized_sample
937,2026-02-28 17:16:01-05:00,105.0,104.0,20.0,22.0,-76.0,-76.0,137M,137.0,anonymized_sample
938,2026-02-28 18:07:01-05:00,105.0,105.0,20.0,22.0,-77.0,-76.0,137M,137.0,anonymized_sample
939,2026-02-28 18:56:02-05:00,105.0,105.0,21.0,21.0,-77.0,-77.0,137M,137.0,anonymized_sample
940,2026-02-28 19:45:01-05:00,105.0,104.0,21.0,21.0,-76.0,-77.0,68M,68.0,anonymized_sample
941,2026-02-28 20:32:01-05:00,105.0,105.0,20.0,22.0,-76.0,-76.0,137M,137.0,anonymized_sample
942,2026-02-28 21:19:01-05:00,105.0,105.0,20.0,20.0,-77.0,-78.0,137M,137.0,anonymized_sample
943,2026-02-28 22:13:01-05:00,105.0,105.0,21.0,21.0,-75.0,-77.0,137M,137.0,anonymized_sample
944,2026-02-28 23:04:01-05:00,105.0,105.0,21.0,22.0,-77.0,-76.0,137M,137.0,anonymized_sample
945,2026-02-28 23:56:01-05:00,105.0,105.0,21.0,22.0,-77.0,-78.0,137M,137.0,anonymized_sample
946,2026-03-01 01:37:01-05:00,105.0,105.0,21.0,22.0,-77.0,-76.0,137M,137.0,anonymized_sample
947,2026-03-20 23:59:02-05:00,105.0,105.0,22.0,23.0,-74.0,-75.0,137M,137.0,anonymized_sample
948,2026-03-21 01:48:17-05:00,106.0,105.0,22.0,23.0,-75.0,-75.0,154M,154.0,anonymized_sample
949,2026-03-21 03:37:14-05:00,105.0,105.0,22.0,22.0,-75.0,-76.0,137M,137.0,anonymized_sample
950,2026-03-21 05:25:54-05:00,103.0,105.0,23.0,23.0,-74.0,-77.0,68M,68.0,anonymized_sample
951,2026-03-21 07:15:31-05:00,104.0,105.0,22.0,23.0,-74.0,-75.0,103M,103.0,anonymized_sample
952,2026-03-21 09:04:24-05:00,106.0,105.0,22.0,23.0,-76.0,-77.0,154M,154.0,anonymized_sample
953,2026-03-21 10:53:06-05:00,105.0,105.0,22.0,21.0,-74.0,-78.0,137M,137.0,anonymized_sample
954,2026-03-21 12:42:49-05:00,106.0,105.0,22.0,22.0,-75.0,-78.0,154M,154.0,anonymized_sample
955,2026-03-21 14:32:18-05:00,105.0,105.0,22.0,23.0,-75.0,-76.0,137M,137.0,anonymized_sample
956,2026-03-21 16:20:59-05:00,105.0,105.0,22.0,22.0,-74.0,-78.0,137M,137.0,anonymized_sample
957,2026-03-21 18:09:50-05:00,105.0,104.0,22.0,22.0,-74.0,-76.0,137M,137.0,anonymized_sample
958,2026-03-21 19:59:56-05:00,106.0,105.0,22.0,23.0,-74.0,-77.0,154M,154.0,anonymized_sample
959,2026-03-21 21:49:02-05:00,105.0,105.0,22.0,23.0,-74.0,-76.0,137M,137.0,anonymized_sample
960,2026-03-21 23:37:52-05:00,105.0,105.0,21.0,23.0,-77.0,-75.0,137M,137.0,anonymized_sample
961,2026-03-22 01:26:42-05:00,105.0,105.0,22.0,23.0,-74.0,-75.0,137M,137.0,anonymized_sample
962,2026-03-22 03:16:22-05:00,106.0,105.0,21.0,23.0,-75.0,-75.0,154M,154.0,anonymized_sample
963,2026-03-22 05:05:12-05:00,105.0,105.0,22.0,23.0,-75.0,-75.0,137M,137.0,anonymized_sample
964,2026-03-22 06:53:56-05:00,105.0,105.0,22.0,23.0,-74.0,-75.0,137M,137.0,anonymized_sample
965,2026-03-22 08:43:53-05:00,105.0,105.0,21.0,23.0,-77.0,-77.0,137M,137.0,anonymized_sample
966,2026-03-22 10:32:45-05:00,106.0,105.0,21.0,22.0,-76.0,-78.0,154M,154.0,anonymized_sample
967,2026-03-22 12:21:38-05:00,106.0,105.0,21.0,22.0,-76.0,-78.0,154M,154.0,anonymized_sample
968,2026-03-22 14:10:15-05:00,105.0,105.0,22.0,23.0,-76.0,-77.0,137M,137.0,anonymized_sample
969,2026-03-22 15:59:56-05:00,106.0,105.0,22.0,23.0,-75.0,-77.0,154M,154.0,anonymized_sample
970,2026-03-22 17:48:48-05:00,106.0,105.0,22.0,23.0,-75.0,-75.0,154M,154.0,anonymized_sample
971,2026-03-22 19:37:43-05:00,105.0,105.0,21.0,22.0,-76.0,-75.0,137M,137.0,anonymized_sample
972,2026-03-22 21:26:35-05:00,105.0,105.0,21.0,23.0,-77.0,-77.0,137M,137.0,anonymized_sample
973,2026-03-22 23:16:49-05:00,105.0,105.0,21.0,22.0,-77.0,-77.0,137M,137.0,anonymized_sample
974,2026-03-23 01:06:18-05:00,106.0,105.0,21.0,23.0,-75.0,-75.0,154M,154.0,anonymized_sample
975,2026-03-23 02:55:28-05:00,105.0,105.0,21.0,22.0,-75.0,-76.0,137M,137.0,anonymized_sample
976,2026-03-23 04:45:03-05:00,105.0,105.0,21.0,22.0,-76.0,-76.0,137M,137.0,anonymized_sample
977,2026-03-23 06:35:43-05:00,106.0,105.0,22.0,23.0,-76.0,-75.0,154M,154.0,anonymized_sample
978,2026-03-23 08:24:44-05:00,105.0,105.0,20.0,22.0,-77.0,-76.0,137M,137.0,anonymized_sample
979,2026-03-23 10:13:44-05:00,105.0,105.0,21.0,22.0,-75.0,-76.0,137M,137.0,anonymized_sample
980,2026-03-23 12:03:23-05:00,106.0,105.0,21.0,22.0,-77.0,-78.0,154M,154.0,anonymized_sample
981,2026-03-23 13:52:29-05:00,106.0,105.0,22.0,22.0,-76.0,-76.0,154M,154.0,anonymized_sample
982,2026-03-23 15:41:14-05:00,106.0,105.0,21.0,23.0,-76.0,-77.0,154M,154.0,anonymized_sample
983,2026-03-23 17:30:27-05:00,105.0,104.0,22.0,21.0,-76.0,-77.0,137M,137.0,anonymized_sample
984,2026-03-23 19:20:24-05:00,106.0,105.0,22.0,23.0,-74.0,-77.0,154M,154.0,anonymized_sample
985,2026-03-23 21:09:17-05:00,105.0,105.0,22.0,22.0,-74.0,-76.0,137M,137.0,anonymized_sample
986,2026-03-23 22:58:07-05:00,104.0,104.0,22.0,23.0,-75.0,-77.0,103M,103.0,anonymized_sample
987,2026-03-24 00:46:59-05:00,105.0,105.0,21.0,22.0,-76.0,-78.0,137M,137.0,anonymized_sample
988,2026-03-24 02:37:47-05:00,105.0,104.0,21.0,22.0,-75.0,-78.0,137M,137.0,anonymized_sample
989,2026-03-24 04:26:21-05:00,105.0,105.0,22.0,22.0,-74.0,-76.0,137M,137.0,anonymized_sample
990,2026-03-24 06:15:10-05:00,106.0,105.0,22.0,23.0,-74.0,-76.0,154M,154.0,anonymized_sample
991,2026-03-24 08:04:52-05:00,106.0,105.0,21.0,23.0,-77.0,-77.0,154M,154.0,anonymized_sample
992,2026-03-24 09:53:37-05:00,105.0,105.0,21.0,23.0,-77.0,-77.0,137M,137.0,anonymized_sample
993,2026-03-24 11:42:13-05:00,105.0,105.0,22.0,22.0,-74.0,-78.0,137M,137.0,anonymized_sample
994,2026-03-24 13:30:52-05:00,105.0,105.0,20.0,22.0,-77.0,-76.0,137M,137.0,anonymized_sample
995,2026-03-24 15:20:27-05:00,102.0,104.0,21.0,21.0,-76.0,-77.0,51M,51.0,anonymized_sample
996,2026-03-24 17:09:42-05:00,106.0,105.0,20.0,23.0,-76.0,-75.0,154M,154.0,anonymized_sample
997,2026-03-24 18:58:35-05:00,105.0,105.0,22.0,22.0,-74.0,-76.0,137M,137.0,anonymized_sample
998,2026-03-24 20:47:08-05:00,105.0,104.0,21.0,22.0,-75.0,-76.0,137M,137.0,anonymized_sample
999,2026-03-24 22:37:37-05:00,105.0,105.0,22.0,23.0,-74.0,-77.0,137M,137.0,anonymized_sample
1000,2026-03-25 00:26:53-05:00,105.0,105.0,21.0,22.0,-75.0,-76.0,137M,137.0,anonymized_sample
